<?xml version="1.0" encoding="UTF-8" ?>
<!DOCTYPE sqlMap PUBLIC "-//ibatis.apache.org//DTD SQL Map 2.0//EN" "http://ibatis.apache.org/dtd/sql-map-2.dtd" >
<sqlMap namespace="gc_standard_charge" >
  <resultMap id="ibatorgenerated_BaseResultMap" class="com.maji.shared.ibatis.beans.StandardCharge" >
    <!--
      WARNING - This element is automatically generated by Apache iBATIS ibator, do not modify.
      This element was generated on Sun Aug 17 19:55:32 EAT 2014.
    -->
    <result column="stcharge_id" property="stchargeId" jdbcType="INTEGER" />
    <result column="stcharge_description" property="stchargeDescription" jdbcType="VARCHAR" />
    <result column="stcharge_amount" property="stchargeAmount" jdbcType="DECIMAL" />
    <result column="is_active" property="isActive" jdbcType="TINYINT" />
    <result column="created_on" property="createdOn" jdbcType="TIMESTAMP" />
    <result column="created_by" property="createdBy" jdbcType="INTEGER" />
    <result column="modified_on" property="modifiedOn" jdbcType="TIMESTAMP" />
    <result column="modified_by" property="modifiedBy" jdbcType="INTEGER" />
  </resultMap>
  <sql id="ibatorgenerated_Example_Where_Clause" >
    <!--
      WARNING - This element is automatically generated by Apache iBATIS ibator, do not modify.
      This element was generated on Sun Aug 17 19:55:32 EAT 2014.
    -->
    <iterate property="oredCriteria" conjunction="or" prepend="where" removeFirstPrepend="iterate" >
      <isEqual property="oredCriteria[].valid" compareValue="true" >
        (
        <iterate prepend="and" property="oredCriteria[].criteriaWithoutValue" conjunction="and" >
          $oredCriteria[].criteriaWithoutValue[]$
        </iterate>
        <iterate prepend="and" property="oredCriteria[].criteriaWithSingleValue" conjunction="and" >
          $oredCriteria[].criteriaWithSingleValue[].condition$
            #oredCriteria[].criteriaWithSingleValue[].value#
        </iterate>
        <iterate prepend="and" property="oredCriteria[].criteriaWithListValue" conjunction="and" >
          $oredCriteria[].criteriaWithListValue[].condition$
          <iterate property="oredCriteria[].criteriaWithListValue[].values" open="(" close=")" conjunction="," >
            #oredCriteria[].criteriaWithListValue[].values[]#
          </iterate>
        </iterate>
        <iterate prepend="and" property="oredCriteria[].criteriaWithBetweenValue" conjunction="and" >
          $oredCriteria[].criteriaWithBetweenValue[].condition$
          #oredCriteria[].criteriaWithBetweenValue[].values[0]# and
          #oredCriteria[].criteriaWithBetweenValue[].values[1]#
        </iterate>
        )
      </isEqual>
    </iterate>
  </sql>
  <select id="ibatorgenerated_selectByExample" resultMap="ibatorgenerated_BaseResultMap" parameterClass="com.maji.shared.ibatis.beans.StandardChargeExample" >
    <!--
      WARNING - This element is automatically generated by Apache iBATIS ibator, do not modify.
      This element was generated on Sun Aug 17 19:55:32 EAT 2014.
    -->
    select stcharge_id, stcharge_description, stcharge_amount, is_active, created_on, created_by,
      modified_on, modified_by
    from gc_standard_charge
    <isParameterPresent >
      <include refid="gc_standard_charge.ibatorgenerated_Example_Where_Clause" />
      <isNotNull property="orderByClause" >
        order by $orderByClause$
      </isNotNull>
    </isParameterPresent>
  </select>
  <select id="ibatorgenerated_selectByPrimaryKey" resultMap="ibatorgenerated_BaseResultMap" parameterClass="com.maji.shared.ibatis.beans.StandardCharge" >
    <!--
      WARNING - This element is automatically generated by Apache iBATIS ibator, do not modify.
      This element was generated on Sun Aug 17 19:55:32 EAT 2014.
    -->
    select stcharge_id, stcharge_description, stcharge_amount, is_active, created_on, created_by,
      modified_on, modified_by
    from gc_standard_charge
    where stcharge_id = #stchargeId:INTEGER#
  </select>
  <delete id="ibatorgenerated_deleteByPrimaryKey" parameterClass="com.maji.shared.ibatis.beans.StandardCharge" >
    <!--
      WARNING - This element is automatically generated by Apache iBATIS ibator, do not modify.
      This element was generated on Sun Aug 17 19:55:32 EAT 2014.
    -->
    delete from gc_standard_charge
    where stcharge_id = #stchargeId:INTEGER#
  </delete>
  <delete id="ibatorgenerated_deleteByExample" parameterClass="com.maji.shared.ibatis.beans.StandardChargeExample" >
    <!--
      WARNING - This element is automatically generated by Apache iBATIS ibator, do not modify.
      This element was generated on Sun Aug 17 19:55:32 EAT 2014.
    -->
    delete from gc_standard_charge
    <include refid="gc_standard_charge.ibatorgenerated_Example_Where_Clause" />
  </delete>
  <insert id="ibatorgenerated_insert" parameterClass="com.maji.shared.ibatis.beans.StandardCharge" >
    <!--
      WARNING - This element is automatically generated by Apache iBATIS ibator, do not modify.
      This element was generated on Sun Aug 17 19:55:32 EAT 2014.
    -->
    insert into gc_standard_charge (stcharge_id, stcharge_description, stcharge_amount, is_active,
      created_on, created_by, modified_on, modified_by)
    values (#stchargeId:INTEGER#, #stchargeDescription:VARCHAR#, #stchargeAmount:DECIMAL#,
      #isActive:TINYINT#, #createdOn:TIMESTAMP#, #createdBy:INTEGER#, #modifiedOn:TIMESTAMP#,
      #modifiedBy:INTEGER#)
  </insert>
  <insert id="ibatorgenerated_insertSelective" parameterClass="com.maji.shared.ibatis.beans.StandardCharge" >
    <!--
      WARNING - This element is automatically generated by Apache iBATIS ibator, do not modify.
      This element was generated on Sun Aug 17 19:55:32 EAT 2014.
    -->
    insert into gc_standard_charge
    <dynamic prepend="(" >
      <isNotNull prepend="," property="stchargeId" >
        stcharge_id
      </isNotNull>
      <isNotNull prepend="," property="stchargeDescription" >
        stcharge_description
      </isNotNull>
      <isNotNull prepend="," property="stchargeAmount" >
        stcharge_amount
      </isNotNull>
      <isNotNull prepend="," property="isActive" >
        is_active
      </isNotNull>
      <isNotNull prepend="," property="createdOn" >
        created_on
      </isNotNull>
      <isNotNull prepend="," property="createdBy" >
        created_by
      </isNotNull>
      <isNotNull prepend="," property="modifiedOn" >
        modified_on
      </isNotNull>
      <isNotNull prepend="," property="modifiedBy" >
        modified_by
      </isNotNull>
      )
    </dynamic>
    values
    <dynamic prepend="(" >
      <isNotNull prepend="," property="stchargeId" >
        #stchargeId:INTEGER#
      </isNotNull>
      <isNotNull prepend="," property="stchargeDescription" >
        #stchargeDescription:VARCHAR#
      </isNotNull>
      <isNotNull prepend="," property="stchargeAmount" >
        #stchargeAmount:DECIMAL#
      </isNotNull>
      <isNotNull prepend="," property="isActive" >
        #isActive:TINYINT#
      </isNotNull>
      <isNotNull prepend="," property="createdOn" >
        #createdOn:TIMESTAMP#
      </isNotNull>
      <isNotNull prepend="," property="createdBy" >
        #createdBy:INTEGER#
      </isNotNull>
      <isNotNull prepend="," property="modifiedOn" >
        #modifiedOn:TIMESTAMP#
      </isNotNull>
      <isNotNull prepend="," property="modifiedBy" >
        #modifiedBy:INTEGER#
      </isNotNull>
      )
    </dynamic>
  </insert>
  <select id="ibatorgenerated_countByExample" parameterClass="com.maji.shared.ibatis.beans.StandardChargeExample" resultClass="java.lang.Integer" >
    <!--
      WARNING - This element is automatically generated by Apache iBATIS ibator, do not modify.
      This element was generated on Sun Aug 17 19:55:32 EAT 2014.
    -->
    select count(*) from gc_standard_charge
    <include refid="gc_standard_charge.ibatorgenerated_Example_Where_Clause" />
  </select>
  <update id="ibatorgenerated_updateByExampleSelective" >
    <!--
      WARNING - This element is automatically generated by Apache iBATIS ibator, do not modify.
      This element was generated on Sun Aug 17 19:55:32 EAT 2014.
    -->
    update gc_standard_charge
    <dynamic prepend="set" >
      <isNotNull prepend="," property="record.stchargeId" >
        stcharge_id = #record.stchargeId:INTEGER#
      </isNotNull>
      <isNotNull prepend="," property="record.stchargeDescription" >
        stcharge_description = #record.stchargeDescription:VARCHAR#
      </isNotNull>
      <isNotNull prepend="," property="record.stchargeAmount" >
        stcharge_amount = #record.stchargeAmount:DECIMAL#
      </isNotNull>
      <isNotNull prepend="," property="record.isActive" >
        is_active = #record.isActive:TINYINT#
      </isNotNull>
      <isNotNull prepend="," property="record.createdOn" >
        created_on = #record.createdOn:TIMESTAMP#
      </isNotNull>
      <isNotNull prepend="," property="record.createdBy" >
        created_by = #record.createdBy:INTEGER#
      </isNotNull>
      <isNotNull prepend="," property="record.modifiedOn" >
        modified_on = #record.modifiedOn:TIMESTAMP#
      </isNotNull>
      <isNotNull prepend="," property="record.modifiedBy" >
        modified_by = #record.modifiedBy:INTEGER#
      </isNotNull>
    </dynamic>
    <isParameterPresent >
      <include refid="gc_standard_charge.ibatorgenerated_Example_Where_Clause" />
    </isParameterPresent>
  </update>
  <update id="ibatorgenerated_updateByExample" >
    <!--
      WARNING - This element is automatically generated by Apache iBATIS ibator, do not modify.
      This element was generated on Sun Aug 17 19:55:32 EAT 2014.
    -->
    update gc_standard_charge
    set stcharge_id = #record.stchargeId:INTEGER#,
      stcharge_description = #record.stchargeDescription:VARCHAR#,
      stcharge_amount = #record.stchargeAmount:DECIMAL#,
      is_active = #record.isActive:TINYINT#,
      created_on = #record.createdOn:TIMESTAMP#,
      created_by = #record.createdBy:INTEGER#,
      modified_on = #record.modifiedOn:TIMESTAMP#,
      modified_by = #record.modifiedBy:INTEGER#
    <isParameterPresent >
      <include refid="gc_standard_charge.ibatorgenerated_Example_Where_Clause" />
    </isParameterPresent>
  </update>
  <update id="ibatorgenerated_updateByPrimaryKeySelective" parameterClass="com.maji.shared.ibatis.beans.StandardCharge" >
    <!--
      WARNING - This element is automatically generated by Apache iBATIS ibator, do not modify.
      This element was generated on Sun Aug 17 19:55:32 EAT 2014.
    -->
    update gc_standard_charge
    <dynamic prepend="set" >
      <isNotNull prepend="," property="stchargeDescription" >
        stcharge_description = #stchargeDescription:VARCHAR#
      </isNotNull>
      <isNotNull prepend="," property="stchargeAmount" >
        stcharge_amount = #stchargeAmount:DECIMAL#
      </isNotNull>
      <isNotNull prepend="," property="isActive" >
        is_active = #isActive:TINYINT#
      </isNotNull>
      <isNotNull prepend="," property="createdOn" >
        created_on = #createdOn:TIMESTAMP#
      </isNotNull>
      <isNotNull prepend="," property="createdBy" >
        created_by = #createdBy:INTEGER#
      </isNotNull>
      <isNotNull prepend="," property="modifiedOn" >
        modified_on = #modifiedOn:TIMESTAMP#
      </isNotNull>
      <isNotNull prepend="," property="modifiedBy" >
        modified_by = #modifiedBy:INTEGER#
      </isNotNull>
    </dynamic>
    where stcharge_id = #stchargeId:INTEGER#
  </update>
  <update id="ibatorgenerated_updateByPrimaryKey" parameterClass="com.maji.shared.ibatis.beans.StandardCharge" >
    <!--
      WARNING - This element is automatically generated by Apache iBATIS ibator, do not modify.
      This element was generated on Sun Aug 17 19:55:32 EAT 2014.
    -->
    update gc_standard_charge
    set stcharge_description = #stchargeDescription:VARCHAR#,
      stcharge_amount = #stchargeAmount:DECIMAL#,
      is_active = #isActive:TINYINT#,
      created_on = #createdOn:TIMESTAMP#,
      created_by = #createdBy:INTEGER#,
      modified_on = #modifiedOn:TIMESTAMP#,
      modified_by = #modifiedBy:INTEGER#
    where stcharge_id = #stchargeId:INTEGER#
  </update>
</sqlMap>