<list>
	<record>
	    <icon>expand</icon>
	    <name>bill</name>
	    <displayName>Water Bills</displayName>
	</record>
	<record>
	    <icon>dashboard</icon>
	    <name>person</name>
	    <displayName>Persons</displayName>
	</record>
	<record>
	    <icon>news</icon>
	    <name>unit</name>
	    <displayName>House Units</displayName>
	</record>
	<record>
	    <icon>settings</icon>
	    <name>block</name>
	    <displayName>House Blocks</displayName>
	</record>
	<record>
	    <icon>cancel</icon>
	    <name>charge</name>
	    <displayName>Water Charges</displayName>
	</record>
	<record>
	    <icon>frames</icon>
	    <name>stdcharge</name>
	    <displayName>Standard Charges</displayName>
	</record>
	<!-- <record>
	    <icon>help</icon>
	    <name>help</name>
	    <displayName>Help</displayName>
	</record> -->
		
</list>
