<list>
	<record>
	    <icon>dashboard</icon>
	    <name>overview</name>
	    <displayName>Overview(de)</displayName>
	</record>
	<record>
	    <icon>news</icon>
	    <name>news</name>
	    <displayName>News(de)</displayName>
	</record>
	<record>
	    <icon>settings</icon>
	    <name>settings</name>
	    <displayName>Settings(de)</displayName>
	</record>
	<record>
	    <icon>cancel</icon>
	    <name>cancel</name>
	    <displayName>Cancel(de)</displayName>
	</record>
	<record>
	    <icon>help</icon>
	    <name>help</name>
	    <displayName>Help(de)</displayName>
	</record>
	<record>
	    <icon>expand</icon>
	    <name>expand</name>
	    <displayName>Expand(de)</displayName>
	</record>
	<record>
	    <icon>statistics</icon>
	    <name>statistics</name>
	    <displayName>Statistics(de)</displayName>
	</record>	
</list>
