<list>
	<record>
	    <icon>frames</icon>
	    <name>frames</name>
	    <displayName>Frames(de)</displayName>
	</record>
	<record>
	    <icon>cloudsources</icon>
	    <name>cloudsources</name>
	    <displayName>Cloud Sources(de)</displayName>
	</record>
	<record>
	    <icon>keywords</icon>
	    <name>keywords</name>
	    <displayName>Cloud Keywords(de)</displayName>
	</record>
	<record>
	    <icon>aisearch</icon>
	    <name>aisearch</name>
	    <displayName>Ai-Search(de)</displayName>
	</record>
	<record>
	    <icon>precrawl</icon>
	    <name>precrawl</name>
	    <displayName>Ai-Search Pre-Crawl(de)</displayName>
	</record>
	<record>
	    <icon>aiagent</icon>
	    <name>aiagent</name>
	    <displayName>Ai-Agent(de)</displayName>
	</record>
	<record>
	    <icon>aiagent_alert</icon>
	    <name>aiagentalert</name>
	    <displayName>Ai-Agent Alert(de)</displayName>
	</record>
</list>
