<?xml version="1.0" encoding="UTF-8" ?>
<!DOCTYPE ibatorConfiguration PUBLIC "-//Apache Software Foundation//DTD Apache iBATIS Ibator Configuration 1.0//EN" "ibator-config_1_0.dtd" 
  [
   <!ENTITY dbName "GCMaji">
   <!ENTITY mysqlJAR "G:\EclipseWorkspace\maji\war\WEB-INF\lib\mysql-connector-java-5.1.13-bin.jar"> 
  ]
>
<ibatorConfiguration>
	<classPathEntry location="&mysqlJAR;" />

	<ibatorContext id="ibatorContext" targetRuntime="Ibatis2Java5"
		defaultModelType="flat">

		<ibatorPlugin type="org.apache.ibatis.ibator.plugins.SerializablePlugin" />

		<jdbcConnection driverClass="com.mysql.jdbc.Driver"
			connectionURL="jdbc:mysql://localhost:3306/gcmaji"
			userId="root" password="root">
		</jdbcConnection>

		<javaModelGenerator targetPackage="com.maji.shared.ibatis.beans"
			targetProject="maji">
			<property name="enableSubPackages" value="true" />
			<property name="trimStrings" value="true" />
		</javaModelGenerator>

		<sqlMapGenerator targetPackage="com.maji.server.ibatis.maps"
			targetProject="maji">
			<property name="enableSubPackages" value="true" />
		</sqlMapGenerator>

		<daoGenerator type="SPRING" targetPackage="com.maji.server.ibatis.dao"
			implementationPackage="com.maji.server.ibatis.dao" targetProject="maji">
			<property name="enableSubPackages" value="true" />
			<property name="methodNameCalculator" value="extended" />
		</daoGenerator>
		
	<!-- 	<table tableName="gc_person" domainObjectName="Person"></table>
		<table tableName="gc_person_status" domainObjectName="PersonStatus"></table>
		<table tableName="gc_user" domainObjectName="User"></table>
		<table tableName="gc_user_admin" domainObjectName="UserAdmin"></table>		
		<table tableName="gc_house_unit" domainObjectName="HouseUnit"></table>		
		<table tableName="gc_city" domainObjectName="City"></table>		
		<table tableName="gc_block" domainObjectName="Block"></table>		
		<table tableName="gc_water_bill" domainObjectName="WaterBill"></table>
		<table tableName="gc_water_bill_status" domainObjectName="WaterBillStatus"></table>		
		<table tableName="gc_water_charge" domainObjectName="WaterCharge"></table>	 
		<table tableName="gc_water_bill" domainObjectName="WaterBill"></table>
		<table tableName="gc_water_bill_max" domainObjectName="WaterBillMax"></table>
		<table tableName="gc_standard_charge" domainObjectName="StandardCharge"></table>-->
	</ibatorContext>
</ibatorConfiguration>