<?xml version="1.0" encoding="UTF-8"?>
<!DOCTYPE sqlMapConfig
PUBLIC "-//ibatis.apache.org//DTD SQL Map Config 2.0//EN"
"http://ibatis.apache.org/dtd/sql-map-config-2.dtd"
>	   
	<sqlMapConfig>
		<!--
	<settings useStatementNamespaces="true" cacheModelsEnabled="true" enhancementEnabled="true"
   lazyLoadingEnabled="true" maxRequests="32" maxSessions="10"
   maxTransactions="5"/>
	 -->
   		<settings enhancementEnabled="true" useStatementNamespaces="true" 
					lazyLoadingEnabled="true" cacheModelsEnabled="true"/>	
		
		<sqlMap resource="com/maji/server/ibatis/maps/gc_person_SqlMap.xml" />		
		<sqlMap resource="com/maji/server/ibatis/maps/gc_person_status_SqlMap.xml" />
		<sqlMap resource="com/maji/server/ibatis/maps/gc_water_bill_SqlMap.xml" />	
		<sqlMap resource="com/maji/server/ibatis/maps/gc_house_unit_SqlMap.xml" />	
		<sqlMap resource="com/maji/server/ibatis/maps/gc_block_SqlMap.xml" />	
		<sqlMap resource="com/maji/server/ibatis/maps/gc_user_SqlMap.xml" />
		<sqlMap resource="com/maji/server/ibatis/maps/gc_user_admin_SqlMap.xml" />
		<sqlMap resource="com/maji/server/ibatis/maps/gc_city_SqlMap.xml" />	
		<sqlMap resource="com/maji/server/ibatis/maps/gc_water_charge_SqlMap.xml" />
		<sqlMap resource="com/maji/server/ibatis/maps/gc_water_bill_status_SqlMap.xml" />
		<sqlMap resource="com/maji/server/ibatis/maps/gc_water_bill_max_SqlMap.xml" />
		<sqlMap resource="com/maji/server/ibatis/maps/gc_standard_charge_SqlMap.xml" />
	</sqlMapConfig>