<?xml version="1.0" encoding="UTF-8" ?>
<!DOCTYPE sqlMap PUBLIC "-//ibatis.apache.org//DTD SQL Map 2.0//EN" "http://ibatis.apache.org/dtd/sql-map-2.dtd" >
<sqlMap namespace="gc_water_bill" >
  <resultMap id="ibatorgenerated_BaseResultMap" class="com.maji.shared.ibatis.beans.WaterBill" >
    <!--
      WARNING - This element is automatically generated by Apache iBATIS ibator, do not modify.
      This element was generated on Thu Aug 07 11:46:01 EAT 2014.
    -->
    <result column="bill_id" property="billId" jdbcType="INTEGER" />
    <result column="bill_number" property="billNumber" jdbcType="VARCHAR" />
    <result column="month" property="month" jdbcType="VARCHAR" />
    <result column="year" property="year" jdbcType="INTEGER" />
    <result column="meter_reading" property="meterReading" jdbcType="DECIMAL" />
    <result column="units_consumed" property="unitsConsumed" jdbcType="DECIMAL" />
    <result column="charge_id" property="chargeId" jdbcType="INTEGER" />
    <result column="house_unit_id" property="houseUnitId" jdbcType="INTEGER" />
    <result column="due_date" property="dueDate" jdbcType="DATE" />
    <result column="status_id" property="statusId" jdbcType="INTEGER" />
    <result column="created_on" property="createdOn" jdbcType="TIMESTAMP" />
    <result column="created_by" property="createdBy" jdbcType="INTEGER" />
    <result column="modified_on" property="modifiedOn" jdbcType="TIMESTAMP" />
    <result column="modified_by" property="modifiedBy" jdbcType="INTEGER" />
  </resultMap>
   <resultMap class="com.maji.shared.ibatis.beans.WaterBill" id="ibatorgenerated_BaseResultMap2">
    <!--
      WARNING - This element is automatically generated by Apache iBATIS ibator, do not modify.
      This element was generated on Thu Jul 31 15:54:32 EAT 2014.
    -->
    <result column="bill_id" jdbcType="INTEGER" property="billId" />
    <result column="bill_number" jdbcType="VARCHAR" property="billNumber" />
    <result column="month" jdbcType="INTEGER" property="month" />
    <result column="year" jdbcType="INTEGER" property="year" />
    <result column="meter_reading" jdbcType="DECIMAL" property="meterReading" />
    <result column="units_consumed" jdbcType="DECIMAL" property="unitsConsumed" />
    <result column="charge_id" jdbcType="INTEGER" property="chargeId" />
    <result column="house_unit_id" jdbcType="INTEGER" property="houseUnitId" />
    <result column="due_date" jdbcType="DATE" property="dueDate" />
    <result column="status_id" jdbcType="INTEGER" property="statusId" />
    <result column="created_on" jdbcType="TIMESTAMP" property="createdOn" />
    <result column="created_by" jdbcType="INTEGER" property="createdBy" />
    <result column="modified_on" jdbcType="TIMESTAMP" property="modifiedOn" />
    <result column="modified_by" jdbcType="INTEGER" property="modifiedBy" />
     <result column="amount_per_unit" jdbcType="DECIMAL" property="chargeAmount" />
      <result column="status_name" jdbcType="VARCHAR" property="statusName" />
       <result column="unit_number" jdbcType="VARCHAR" property="unitNumber" />
  </resultMap>
  <sql id="ibatorgenerated_Example_Where_Clause" >
    <!--
      WARNING - This element is automatically generated by Apache iBATIS ibator, do not modify.
      This element was generated on Thu Aug 07 11:46:01 EAT 2014.
    -->
    <iterate property="oredCriteria" conjunction="or" prepend="where" removeFirstPrepend="iterate" >
      <isEqual property="oredCriteria[].valid" compareValue="true" >
        (
        <iterate prepend="and" property="oredCriteria[].criteriaWithoutValue" conjunction="and" >
          $oredCriteria[].criteriaWithoutValue[]$
        </iterate>
        <iterate prepend="and" property="oredCriteria[].criteriaWithSingleValue" conjunction="and" >
          $oredCriteria[].criteriaWithSingleValue[].condition$
            #oredCriteria[].criteriaWithSingleValue[].value#
        </iterate>
        <iterate prepend="and" property="oredCriteria[].criteriaWithListValue" conjunction="and" >
          $oredCriteria[].criteriaWithListValue[].condition$
          <iterate property="oredCriteria[].criteriaWithListValue[].values" open="(" close=")" conjunction="," >
            #oredCriteria[].criteriaWithListValue[].values[]#
          </iterate>
        </iterate>
        <iterate prepend="and" property="oredCriteria[].criteriaWithBetweenValue" conjunction="and" >
          $oredCriteria[].criteriaWithBetweenValue[].condition$
          #oredCriteria[].criteriaWithBetweenValue[].values[0]# and
          #oredCriteria[].criteriaWithBetweenValue[].values[1]#
        </iterate>
        )
      </isEqual>
    </iterate>
  </sql>
  <select id="ibatorgenerated_selectByExample" resultMap="ibatorgenerated_BaseResultMap2" parameterClass="com.maji.shared.ibatis.beans.WaterBillExample" >
    <!--
      WARNING - This element is automatically generated by Apache iBATIS ibator, do not modify.
      This element was generated on Thu Aug 07 11:46:01 EAT 2014.
    -->
   select w.bill_id, w.bill_number, w.month, w.year, w.meter_reading, w.units_consumed, w.charge_id,
      w.house_unit_id, w.due_date, w.status_id, w.created_on, w.created_by, w.modified_on, w.modified_by,
      ws.status_name, h.unit_number, c.amount_per_unit 
    from gc_water_bill w
    inner join gc_water_bill_status ws on w.status_id = ws.status_id 
	inner join gc_house_unit h on w.house_unit_id = h.unit_id
	inner join gc_water_charge c on w.charge_id = c.charge_id
    <isParameterPresent >
      <include refid="gc_water_bill.ibatorgenerated_Example_Where_Clause" />
      <isNotNull property="orderByClause" >
        order by $orderByClause$
      </isNotNull>
    </isParameterPresent>
  </select>
  <select id="ibatorgenerated_selectByPrimaryKey" resultMap="ibatorgenerated_BaseResultMap" parameterClass="com.maji.shared.ibatis.beans.WaterBill" >
    <!--
      WARNING - This element is automatically generated by Apache iBATIS ibator, do not modify.
      This element was generated on Thu Aug 07 11:46:01 EAT 2014.
    -->
    select bill_id, bill_number, month, year, meter_reading, units_consumed, charge_id,
      house_unit_id, due_date, status_id, created_on, created_by, modified_on, modified_by
    from gc_water_bill
    where bill_id = #billId:INTEGER#
  </select>
  <delete id="ibatorgenerated_deleteByPrimaryKey" parameterClass="com.maji.shared.ibatis.beans.WaterBill" >
    <!--
      WARNING - This element is automatically generated by Apache iBATIS ibator, do not modify.
      This element was generated on Thu Aug 07 11:46:01 EAT 2014.
    -->
    delete from gc_water_bill
    where bill_id = #billId:INTEGER#
  </delete>
  <delete id="ibatorgenerated_deleteByExample" parameterClass="com.maji.shared.ibatis.beans.WaterBillExample" >
    <!--
      WARNING - This element is automatically generated by Apache iBATIS ibator, do not modify.
      This element was generated on Thu Aug 07 11:46:01 EAT 2014.
    -->
    delete from gc_water_bill
    <include refid="gc_water_bill.ibatorgenerated_Example_Where_Clause" />
  </delete>
  <insert id="ibatorgenerated_insert" parameterClass="com.maji.shared.ibatis.beans.WaterBill" >
    <!--
      WARNING - This element is automatically generated by Apache iBATIS ibator, do not modify.
      This element was generated on Thu Aug 07 11:46:01 EAT 2014.
    -->
    insert into gc_water_bill (bill_id, bill_number, month, year, meter_reading, units_consumed,
      charge_id, house_unit_id, due_date, status_id, created_on, created_by, modified_on,
      modified_by)
    values (#billId:INTEGER#, #billNumber:VARCHAR#, #month:VARCHAR#, #year:INTEGER#,
      #meterReading:DECIMAL#, #unitsConsumed:DECIMAL#, #chargeId:INTEGER#, #houseUnitId:INTEGER#,
      #dueDate:DATE#, #statusId:INTEGER#, #createdOn:TIMESTAMP#, #createdBy:INTEGER#,
      #modifiedOn:TIMESTAMP#, #modifiedBy:INTEGER#)
  </insert>
  <insert id="ibatorgenerated_insertSelective" parameterClass="com.maji.shared.ibatis.beans.WaterBill" >
    <!--
      WARNING - This element is automatically generated by Apache iBATIS ibator, do not modify.
      This element was generated on Thu Aug 07 11:46:01 EAT 2014.
    -->
    insert into gc_water_bill
    <dynamic prepend="(" >
      <isNotNull prepend="," property="billId" >
        bill_id
      </isNotNull>
      <isNotNull prepend="," property="billNumber" >
        bill_number
      </isNotNull>
      <isNotNull prepend="," property="month" >
        month
      </isNotNull>
      <isNotNull prepend="," property="year" >
        year
      </isNotNull>
      <isNotNull prepend="," property="meterReading" >
        meter_reading
      </isNotNull>
      <isNotNull prepend="," property="unitsConsumed" >
        units_consumed
      </isNotNull>
      <isNotNull prepend="," property="chargeId" >
        charge_id
      </isNotNull>
      <isNotNull prepend="," property="houseUnitId" >
        house_unit_id
      </isNotNull>
      <isNotNull prepend="," property="dueDate" >
        due_date
      </isNotNull>
      <isNotNull prepend="," property="statusId" >
        status_id
      </isNotNull>
      <isNotNull prepend="," property="createdOn" >
        created_on
      </isNotNull>
      <isNotNull prepend="," property="createdBy" >
        created_by
      </isNotNull>
      <isNotNull prepend="," property="modifiedOn" >
        modified_on
      </isNotNull>
      <isNotNull prepend="," property="modifiedBy" >
        modified_by
      </isNotNull>
      )
    </dynamic>
    values
    <dynamic prepend="(" >
      <isNotNull prepend="," property="billId" >
        #billId:INTEGER#
      </isNotNull>
      <isNotNull prepend="," property="billNumber" >
        #billNumber:VARCHAR#
      </isNotNull>
      <isNotNull prepend="," property="month" >
        #month:VARCHAR#
      </isNotNull>
      <isNotNull prepend="," property="year" >
        #year:INTEGER#
      </isNotNull>
      <isNotNull prepend="," property="meterReading" >
        #meterReading:DECIMAL#
      </isNotNull>
      <isNotNull prepend="," property="unitsConsumed" >
        #unitsConsumed:DECIMAL#
      </isNotNull>
      <isNotNull prepend="," property="chargeId" >
        #chargeId:INTEGER#
      </isNotNull>
      <isNotNull prepend="," property="houseUnitId" >
        #houseUnitId:INTEGER#
      </isNotNull>
      <isNotNull prepend="," property="dueDate" >
        #dueDate:DATE#
      </isNotNull>
      <isNotNull prepend="," property="statusId" >
        #statusId:INTEGER#
      </isNotNull>
      <isNotNull prepend="," property="createdOn" >
        #createdOn:TIMESTAMP#
      </isNotNull>
      <isNotNull prepend="," property="createdBy" >
        #createdBy:INTEGER#
      </isNotNull>
      <isNotNull prepend="," property="modifiedOn" >
        #modifiedOn:TIMESTAMP#
      </isNotNull>
      <isNotNull prepend="," property="modifiedBy" >
        #modifiedBy:INTEGER#
      </isNotNull>
      )
    </dynamic>
  </insert>
  <select id="ibatorgenerated_countByExample" parameterClass="com.maji.shared.ibatis.beans.WaterBillExample" resultClass="java.lang.Integer" >
    <!--
      WARNING - This element is automatically generated by Apache iBATIS ibator, do not modify.
      This element was generated on Thu Aug 07 11:46:01 EAT 2014.
    -->
    select count(*) from gc_water_bill
    <include refid="gc_water_bill.ibatorgenerated_Example_Where_Clause" />
  </select>
  <update id="ibatorgenerated_updateByExampleSelective" >
    <!--
      WARNING - This element is automatically generated by Apache iBATIS ibator, do not modify.
      This element was generated on Thu Aug 07 11:46:01 EAT 2014.
    -->
    update gc_water_bill
    <dynamic prepend="set" >
      <isNotNull prepend="," property="record.billId" >
        bill_id = #record.billId:INTEGER#
      </isNotNull>
      <isNotNull prepend="," property="record.billNumber" >
        bill_number = #record.billNumber:VARCHAR#
      </isNotNull>
      <isNotNull prepend="," property="record.month" >
        month = #record.month:VARCHAR#
      </isNotNull>
      <isNotNull prepend="," property="record.year" >
        year = #record.year:INTEGER#
      </isNotNull>
      <isNotNull prepend="," property="record.meterReading" >
        meter_reading = #record.meterReading:DECIMAL#
      </isNotNull>
      <isNotNull prepend="," property="record.unitsConsumed" >
        units_consumed = #record.unitsConsumed:DECIMAL#
      </isNotNull>
      <isNotNull prepend="," property="record.chargeId" >
        charge_id = #record.chargeId:INTEGER#
      </isNotNull>
      <isNotNull prepend="," property="record.houseUnitId" >
        house_unit_id = #record.houseUnitId:INTEGER#
      </isNotNull>
      <isNotNull prepend="," property="record.dueDate" >
        due_date = #record.dueDate:DATE#
      </isNotNull>
      <isNotNull prepend="," property="record.statusId" >
        status_id = #record.statusId:INTEGER#
      </isNotNull>
      <isNotNull prepend="," property="record.createdOn" >
        created_on = #record.createdOn:TIMESTAMP#
      </isNotNull>
      <isNotNull prepend="," property="record.createdBy" >
        created_by = #record.createdBy:INTEGER#
      </isNotNull>
      <isNotNull prepend="," property="record.modifiedOn" >
        modified_on = #record.modifiedOn:TIMESTAMP#
      </isNotNull>
      <isNotNull prepend="," property="record.modifiedBy" >
        modified_by = #record.modifiedBy:INTEGER#
      </isNotNull>
    </dynamic>
    <isParameterPresent >
      <include refid="gc_water_bill.ibatorgenerated_Example_Where_Clause" />
    </isParameterPresent>
  </update>
  <update id="ibatorgenerated_updateByExample" >
    <!--
      WARNING - This element is automatically generated by Apache iBATIS ibator, do not modify.
      This element was generated on Thu Aug 07 11:46:01 EAT 2014.
    -->
    update gc_water_bill
    set bill_id = #record.billId:INTEGER#,
      bill_number = #record.billNumber:VARCHAR#,
      month = #record.month:VARCHAR#,
      year = #record.year:INTEGER#,
      meter_reading = #record.meterReading:DECIMAL#,
      units_consumed = #record.unitsConsumed:DECIMAL#,
      charge_id = #record.chargeId:INTEGER#,
      house_unit_id = #record.houseUnitId:INTEGER#,
      due_date = #record.dueDate:DATE#,
      status_id = #record.statusId:INTEGER#,
      created_on = #record.createdOn:TIMESTAMP#,
      created_by = #record.createdBy:INTEGER#,
      modified_on = #record.modifiedOn:TIMESTAMP#,
      modified_by = #record.modifiedBy:INTEGER#
    <isParameterPresent >
      <include refid="gc_water_bill.ibatorgenerated_Example_Where_Clause" />
    </isParameterPresent>
  </update>
  <update id="ibatorgenerated_updateByPrimaryKeySelective" parameterClass="com.maji.shared.ibatis.beans.WaterBill" >
    <!--
      WARNING - This element is automatically generated by Apache iBATIS ibator, do not modify.
      This element was generated on Thu Aug 07 11:46:01 EAT 2014.
    -->
    update gc_water_bill
    <dynamic prepend="set" >
      <isNotNull prepend="," property="billNumber" >
        bill_number = #billNumber:VARCHAR#
      </isNotNull>
      <isNotNull prepend="," property="month" >
        month = #month:VARCHAR#
      </isNotNull>
      <isNotNull prepend="," property="year" >
        year = #year:INTEGER#
      </isNotNull>
      <isNotNull prepend="," property="meterReading" >
        meter_reading = #meterReading:DECIMAL#
      </isNotNull>
      <isNotNull prepend="," property="unitsConsumed" >
        units_consumed = #unitsConsumed:DECIMAL#
      </isNotNull>
      <isNotNull prepend="," property="chargeId" >
        charge_id = #chargeId:INTEGER#
      </isNotNull>
      <isNotNull prepend="," property="houseUnitId" >
        house_unit_id = #houseUnitId:INTEGER#
      </isNotNull>
      <isNotNull prepend="," property="dueDate" >
        due_date = #dueDate:DATE#
      </isNotNull>
      <isNotNull prepend="," property="statusId" >
        status_id = #statusId:INTEGER#
      </isNotNull>
      <isNotNull prepend="," property="createdOn" >
        created_on = #createdOn:TIMESTAMP#
      </isNotNull>
      <isNotNull prepend="," property="createdBy" >
        created_by = #createdBy:INTEGER#
      </isNotNull>
      <isNotNull prepend="," property="modifiedOn" >
        modified_on = #modifiedOn:TIMESTAMP#
      </isNotNull>
      <isNotNull prepend="," property="modifiedBy" >
        modified_by = #modifiedBy:INTEGER#
      </isNotNull>
    </dynamic>
    where bill_id = #billId:INTEGER#
  </update>
  <update id="ibatorgenerated_updateByPrimaryKey" parameterClass="com.maji.shared.ibatis.beans.WaterBill" >
    <!--
      WARNING - This element is automatically generated by Apache iBATIS ibator, do not modify.
      This element was generated on Thu Aug 07 11:46:01 EAT 2014.
    -->
    update gc_water_bill
    set bill_number = #billNumber:VARCHAR#,
      month = #month:VARCHAR#,
      year = #year:INTEGER#,
      meter_reading = #meterReading:DECIMAL#,
      units_consumed = #unitsConsumed:DECIMAL#,
      charge_id = #chargeId:INTEGER#,
      house_unit_id = #houseUnitId:INTEGER#,
      due_date = #dueDate:DATE#,
      status_id = #statusId:INTEGER#,
      created_on = #createdOn:TIMESTAMP#,
      created_by = #createdBy:INTEGER#,
      modified_on = #modifiedOn:TIMESTAMP#,
      modified_by = #modifiedBy:INTEGER#
    where bill_id = #billId:INTEGER#
  </update>
</sqlMap>