<?xml version="1.0" encoding="UTF-8" ?>
<!DOCTYPE sqlMap PUBLIC "-//ibatis.apache.org//DTD SQL Map 2.0//EN" "http://ibatis.apache.org/dtd/sql-map-2.dtd" >
<sqlMap namespace="gc_block" >
  <resultMap id="ibatorgenerated_BaseResultMap" class="com.maji.shared.ibatis.beans.Block" >
    <!--
      WARNING - This element is automatically generated by Apache iBATIS ibator, do not modify.
      This element was generated on Tue Jul 22 09:36:14 EAT 2014.
    -->
    <result column="block_id" property="blockId" jdbcType="INTEGER" />
    <result column="block_name" property="blockName" jdbcType="VARCHAR" />
    <result column="num_of_houses" property="numOfHouses" jdbcType="INTEGER" />
    <result column="created_on" property="createdOn" jdbcType="TIMESTAMP" />
    <result column="created_by" property="createdBy" jdbcType="INTEGER" />
    <result column="modified_on" property="modifiedOn" jdbcType="TIMESTAMP" />
    <result column="modified_by" property="modifiedBy" jdbcType="INTEGER" />
  </resultMap>
  <sql id="ibatorgenerated_Example_Where_Clause" >
    <!--
      WARNING - This element is automatically generated by Apache iBATIS ibator, do not modify.
      This element was generated on Tue Jul 22 09:36:14 EAT 2014.
    -->
    <iterate property="oredCriteria" conjunction="or" prepend="where" removeFirstPrepend="iterate" >
      <isEqual property="oredCriteria[].valid" compareValue="true" >
        (
        <iterate prepend="and" property="oredCriteria[].criteriaWithoutValue" conjunction="and" >
          $oredCriteria[].criteriaWithoutValue[]$
        </iterate>
        <iterate prepend="and" property="oredCriteria[].criteriaWithSingleValue" conjunction="and" >
          $oredCriteria[].criteriaWithSingleValue[].condition$
            #oredCriteria[].criteriaWithSingleValue[].value#
        </iterate>
        <iterate prepend="and" property="oredCriteria[].criteriaWithListValue" conjunction="and" >
          $oredCriteria[].criteriaWithListValue[].condition$
          <iterate property="oredCriteria[].criteriaWithListValue[].values" open="(" close=")" conjunction="," >
            #oredCriteria[].criteriaWithListValue[].values[]#
          </iterate>
        </iterate>
        <iterate prepend="and" property="oredCriteria[].criteriaWithBetweenValue" conjunction="and" >
          $oredCriteria[].criteriaWithBetweenValue[].condition$
          #oredCriteria[].criteriaWithBetweenValue[].values[0]# and
          #oredCriteria[].criteriaWithBetweenValue[].values[1]#
        </iterate>
        )
      </isEqual>
    </iterate>
  </sql>
  <select id="ibatorgenerated_selectByExample" resultMap="ibatorgenerated_BaseResultMap" parameterClass="com.maji.shared.ibatis.beans.BlockExample" >
    <!--
      WARNING - This element is automatically generated by Apache iBATIS ibator, do not modify.
      This element was generated on Tue Jul 22 09:36:14 EAT 2014.
    -->
    select block_id, block_name, num_of_houses, created_on, created_by, modified_on, modified_by
    from gc_block
    <isParameterPresent >
      <include refid="gc_block.ibatorgenerated_Example_Where_Clause" />
      <isNotNull property="orderByClause" >
        order by $orderByClause$
      </isNotNull>
    </isParameterPresent>
  </select>
  <select id="ibatorgenerated_selectByPrimaryKey" resultMap="ibatorgenerated_BaseResultMap" parameterClass="com.maji.shared.ibatis.beans.Block" >
    <!--
      WARNING - This element is automatically generated by Apache iBATIS ibator, do not modify.
      This element was generated on Tue Jul 22 09:36:14 EAT 2014.
    -->
    select block_id, block_name, num_of_houses, created_on, created_by, modified_on, modified_by
    from gc_block
    where block_id = #blockId:INTEGER#
  </select>
  <delete id="ibatorgenerated_deleteByPrimaryKey" parameterClass="com.maji.shared.ibatis.beans.Block" >
    <!--
      WARNING - This element is automatically generated by Apache iBATIS ibator, do not modify.
      This element was generated on Tue Jul 22 09:36:14 EAT 2014.
    -->
    delete from gc_block
    where block_id = #blockId:INTEGER#
  </delete>
  <delete id="ibatorgenerated_deleteByExample" parameterClass="com.maji.shared.ibatis.beans.BlockExample" >
    <!--
      WARNING - This element is automatically generated by Apache iBATIS ibator, do not modify.
      This element was generated on Tue Jul 22 09:36:14 EAT 2014.
    -->
    delete from gc_block
    <include refid="gc_block.ibatorgenerated_Example_Where_Clause" />
  </delete>
  <insert id="ibatorgenerated_insert" parameterClass="com.maji.shared.ibatis.beans.Block" >
    <!--
      WARNING - This element is automatically generated by Apache iBATIS ibator, do not modify.
      This element was generated on Tue Jul 22 09:36:14 EAT 2014.
    -->
    insert into gc_block (block_id, block_name, num_of_houses, created_on, created_by, modified_on,
      modified_by)
    values (#blockId:INTEGER#, #blockName:VARCHAR#, #numOfHouses:INTEGER#, #createdOn:TIMESTAMP#,
      #createdBy:INTEGER#, #modifiedOn:TIMESTAMP#, #modifiedBy:INTEGER#)
  </insert>
  <insert id="ibatorgenerated_insertSelective" parameterClass="com.maji.shared.ibatis.beans.Block" >
    <!--
      WARNING - This element is automatically generated by Apache iBATIS ibator, do not modify.
      This element was generated on Tue Jul 22 09:36:14 EAT 2014.
    -->
    insert into gc_block
    <dynamic prepend="(" >
      <isNotNull prepend="," property="blockId" >
        block_id
      </isNotNull>
      <isNotNull prepend="," property="blockName" >
        block_name
      </isNotNull>
      <isNotNull prepend="," property="numOfHouses" >
        num_of_houses
      </isNotNull>
      <isNotNull prepend="," property="createdOn" >
        created_on
      </isNotNull>
      <isNotNull prepend="," property="createdBy" >
        created_by
      </isNotNull>
      <isNotNull prepend="," property="modifiedOn" >
        modified_on
      </isNotNull>
      <isNotNull prepend="," property="modifiedBy" >
        modified_by
      </isNotNull>
      )
    </dynamic>
    values
    <dynamic prepend="(" >
      <isNotNull prepend="," property="blockId" >
        #blockId:INTEGER#
      </isNotNull>
      <isNotNull prepend="," property="blockName" >
        #blockName:VARCHAR#
      </isNotNull>
      <isNotNull prepend="," property="numOfHouses" >
        #numOfHouses:INTEGER#
      </isNotNull>
      <isNotNull prepend="," property="createdOn" >
        #createdOn:TIMESTAMP#
      </isNotNull>
      <isNotNull prepend="," property="createdBy" >
        #createdBy:INTEGER#
      </isNotNull>
      <isNotNull prepend="," property="modifiedOn" >
        #modifiedOn:TIMESTAMP#
      </isNotNull>
      <isNotNull prepend="," property="modifiedBy" >
        #modifiedBy:INTEGER#
      </isNotNull>
      )
    </dynamic>
  </insert>
  <select id="ibatorgenerated_countByExample" parameterClass="com.maji.shared.ibatis.beans.BlockExample" resultClass="java.lang.Integer" >
    <!--
      WARNING - This element is automatically generated by Apache iBATIS ibator, do not modify.
      This element was generated on Tue Jul 22 09:36:14 EAT 2014.
    -->
    select count(*) from gc_block
    <include refid="gc_block.ibatorgenerated_Example_Where_Clause" />
  </select>
  <update id="ibatorgenerated_updateByExampleSelective" >
    <!--
      WARNING - This element is automatically generated by Apache iBATIS ibator, do not modify.
      This element was generated on Tue Jul 22 09:36:14 EAT 2014.
    -->
    update gc_block
    <dynamic prepend="set" >
      <isNotNull prepend="," property="record.blockId" >
        block_id = #record.blockId:INTEGER#
      </isNotNull>
      <isNotNull prepend="," property="record.blockName" >
        block_name = #record.blockName:VARCHAR#
      </isNotNull>
      <isNotNull prepend="," property="record.numOfHouses" >
        num_of_houses = #record.numOfHouses:INTEGER#
      </isNotNull>
      <isNotNull prepend="," property="record.createdOn" >
        created_on = #record.createdOn:TIMESTAMP#
      </isNotNull>
      <isNotNull prepend="," property="record.createdBy" >
        created_by = #record.createdBy:INTEGER#
      </isNotNull>
      <isNotNull prepend="," property="record.modifiedOn" >
        modified_on = #record.modifiedOn:TIMESTAMP#
      </isNotNull>
      <isNotNull prepend="," property="record.modifiedBy" >
        modified_by = #record.modifiedBy:INTEGER#
      </isNotNull>
    </dynamic>
    <isParameterPresent >
      <include refid="gc_block.ibatorgenerated_Example_Where_Clause" />
    </isParameterPresent>
  </update>
  <update id="ibatorgenerated_updateByExample" >
    <!--
      WARNING - This element is automatically generated by Apache iBATIS ibator, do not modify.
      This element was generated on Tue Jul 22 09:36:14 EAT 2014.
    -->
    update gc_block
    set block_id = #record.blockId:INTEGER#,
      block_name = #record.blockName:VARCHAR#,
      num_of_houses = #record.numOfHouses:INTEGER#,
      created_on = #record.createdOn:TIMESTAMP#,
      created_by = #record.createdBy:INTEGER#,
      modified_on = #record.modifiedOn:TIMESTAMP#,
      modified_by = #record.modifiedBy:INTEGER#
    <isParameterPresent >
      <include refid="gc_block.ibatorgenerated_Example_Where_Clause" />
    </isParameterPresent>
  </update>
  <update id="ibatorgenerated_updateByPrimaryKeySelective" parameterClass="com.maji.shared.ibatis.beans.Block" >
    <!--
      WARNING - This element is automatically generated by Apache iBATIS ibator, do not modify.
      This element was generated on Tue Jul 22 09:36:14 EAT 2014.
    -->
    update gc_block
    <dynamic prepend="set" >
      <isNotNull prepend="," property="blockName" >
        block_name = #blockName:VARCHAR#
      </isNotNull>
      <isNotNull prepend="," property="numOfHouses" >
        num_of_houses = #numOfHouses:INTEGER#
      </isNotNull>
      <isNotNull prepend="," property="createdOn" >
        created_on = #createdOn:TIMESTAMP#
      </isNotNull>
      <isNotNull prepend="," property="createdBy" >
        created_by = #createdBy:INTEGER#
      </isNotNull>
      <isNotNull prepend="," property="modifiedOn" >
        modified_on = #modifiedOn:TIMESTAMP#
      </isNotNull>
      <isNotNull prepend="," property="modifiedBy" >
        modified_by = #modifiedBy:INTEGER#
      </isNotNull>
    </dynamic>
    where block_id = #blockId:INTEGER#
  </update>
  <update id="ibatorgenerated_updateByPrimaryKey" parameterClass="com.maji.shared.ibatis.beans.Block" >
    <!--
      WARNING - This element is automatically generated by Apache iBATIS ibator, do not modify.
      This element was generated on Tue Jul 22 09:36:14 EAT 2014.
    -->
    update gc_block
    set block_name = #blockName:VARCHAR#,
      num_of_houses = #numOfHouses:INTEGER#,
      created_on = #createdOn:TIMESTAMP#,
      created_by = #createdBy:INTEGER#,
      modified_on = #modifiedOn:TIMESTAMP#,
      modified_by = #modifiedBy:INTEGER#
    where block_id = #blockId:INTEGER#
  </update>
</sqlMap>