<?xml version="1.0" encoding="UTF-8" ?>
<!DOCTYPE sqlMap PUBLIC "-//ibatis.apache.org//DTD SQL Map 2.0//EN" "http://ibatis.apache.org/dtd/sql-map-2.dtd" >
<sqlMap namespace="gc_house_unit" >
  <resultMap id="ibatorgenerated_BaseResultMap" class="com.maji.shared.ibatis.beans.HouseUnit" >
    <!--
      WARNING - This element is automatically generated by Apache iBATIS ibator, do not modify.
      This element was generated on Sun Aug 24 21:07:15 EAT 2014.
    -->
    <result column="unit_id" property="unitId" jdbcType="INTEGER" />
    <result column="unit_number" property="unitNumber" jdbcType="VARCHAR" />
    <result column="block_id" property="blockId" jdbcType="INTEGER" />
    <result column="owner_id" property="ownerId" jdbcType="INTEGER" />
    <result column="tenant_id" property="tenantId" jdbcType="INTEGER" />
    <result column="meter_number" property="meterNumber" jdbcType="VARCHAR" />
    <result column="created_on" property="createdOn" jdbcType="TIMESTAMP" />
    <result column="created_by" property="createdBy" jdbcType="INTEGER" />
    <result column="modified_on" property="modifiedOn" jdbcType="TIMESTAMP" />
    <result column="modified_by" property="modifiedBy" jdbcType="INTEGER" />
    <result column="gc_house_unitcol" property="gcHouseUnitcol" jdbcType="VARCHAR" />
  </resultMap>
    <resultMap id="ibatorgenerated_BaseResultMap2" class="com.maji.shared.ibatis.beans.HouseUnit" >
    <!--
      WARNING - This element is automatically generated by Apache iBATIS ibator, do not modify.
      This element was generated on Tue Jul 22 09:36:14 EAT 2014.
    -->
    <result column="unit_id" property="unitId" jdbcType="INTEGER" />
    <result column="unit_number" property="unitNumber" jdbcType="VARCHAR" />
    <result column="block_id" property="blockId" jdbcType="INTEGER" />
    <result column="owner_id" property="ownerId" jdbcType="INTEGER" />
    <result column="tenant_id" property="tenantId" jdbcType="INTEGER" />
     <result column="meter_number" property="meterNumber" jdbcType="VARCHAR" />
    <result column="created_on" property="createdOn" jdbcType="TIMESTAMP" />
    <result column="created_by" property="createdBy" jdbcType="INTEGER" />
    <result column="modified_on" property="modifiedOn" jdbcType="TIMESTAMP" />
    <result column="modified_by" property="modifiedBy" jdbcType="INTEGER" />
    <result column="block_name" property="blockNumber" jdbcType="VARCHAR" />
     <result column="owner_name" property="ownerName" jdbcType="VARCHAR" />
      <result column="tenant_name" property="tenantName" jdbcType="VARCHAR" />
  </resultMap>
  <sql id="ibatorgenerated_Example_Where_Clause" >
    <!--
      WARNING - This element is automatically generated by Apache iBATIS ibator, do not modify.
      This element was generated on Sun Aug 24 21:07:15 EAT 2014.
    -->
    <iterate property="oredCriteria" conjunction="or" prepend="where" removeFirstPrepend="iterate" >
      <isEqual property="oredCriteria[].valid" compareValue="true" >
        (
        <iterate prepend="and" property="oredCriteria[].criteriaWithoutValue" conjunction="and" >
          $oredCriteria[].criteriaWithoutValue[]$
        </iterate>
        <iterate prepend="and" property="oredCriteria[].criteriaWithSingleValue" conjunction="and" >
          $oredCriteria[].criteriaWithSingleValue[].condition$
            #oredCriteria[].criteriaWithSingleValue[].value#
        </iterate>
        <iterate prepend="and" property="oredCriteria[].criteriaWithListValue" conjunction="and" >
          $oredCriteria[].criteriaWithListValue[].condition$
          <iterate property="oredCriteria[].criteriaWithListValue[].values" open="(" close=")" conjunction="," >
            #oredCriteria[].criteriaWithListValue[].values[]#
          </iterate>
        </iterate>
        <iterate prepend="and" property="oredCriteria[].criteriaWithBetweenValue" conjunction="and" >
          $oredCriteria[].criteriaWithBetweenValue[].condition$
          #oredCriteria[].criteriaWithBetweenValue[].values[0]# and
          #oredCriteria[].criteriaWithBetweenValue[].values[1]#
        </iterate>
        )
      </isEqual>
    </iterate>
  </sql>
  <select id="ibatorgenerated_selectByExample" resultMap="ibatorgenerated_BaseResultMap2" parameterClass="com.maji.shared.ibatis.beans.HouseUnitExample" >
    <!--
      WARNING - This element is automatically generated by Apache iBATIS ibator, do not modify.
      This element was generated on Sun Aug 24 21:07:15 EAT 2014.
    -->
  <!--   select unit_id, unit_number, block_id, owner_id, tenant_id, meter_number, created_on,
      created_by, modified_on, modified_by, gc_house_unitcol
    from gc_house_unit -->
    select unit_id, unit_number, h.block_id, owner_id, tenant_id,meter_number, h.created_on, h.created_by, h.modified_on,
		h.modified_by, block_name,  
		CONCAT(p.surname , ' ' , p.first_name , ' ' , p.last_name) as owner_name, 
		CONCAT(pt.surname , ' ' , pt.first_name , ' ' , pt.last_name) as tenant_name
	from gc_house_unit h
		inner join gc_block b on h.block_id = b.block_id
		left join gc_person p on p.person_id = h.owner_id
		left join gc_person pt on pt.person_id = h.tenant_id
    <isParameterPresent >
      <include refid="gc_house_unit.ibatorgenerated_Example_Where_Clause" />
      <isNotNull property="orderByClause" >
        order by $orderByClause$
      </isNotNull>
    </isParameterPresent>
  </select>
  <select id="ibatorgenerated_selectByPrimaryKey" resultMap="ibatorgenerated_BaseResultMap" parameterClass="com.maji.shared.ibatis.beans.HouseUnit" >
    <!--
      WARNING - This element is automatically generated by Apache iBATIS ibator, do not modify.
      This element was generated on Sun Aug 24 21:07:15 EAT 2014.
    -->
    select unit_id, unit_number, block_id, owner_id, tenant_id, meter_number, created_on,
      created_by, modified_on, modified_by, gc_house_unitcol
    from gc_house_unit
    where unit_id = #unitId:INTEGER#
  </select>
  <delete id="ibatorgenerated_deleteByPrimaryKey" parameterClass="com.maji.shared.ibatis.beans.HouseUnit" >
    <!--
      WARNING - This element is automatically generated by Apache iBATIS ibator, do not modify.
      This element was generated on Sun Aug 24 21:07:15 EAT 2014.
    -->
    delete from gc_house_unit
    where unit_id = #unitId:INTEGER#
  </delete>
  <delete id="ibatorgenerated_deleteByExample" parameterClass="com.maji.shared.ibatis.beans.HouseUnitExample" >
    <!--
      WARNING - This element is automatically generated by Apache iBATIS ibator, do not modify.
      This element was generated on Sun Aug 24 21:07:15 EAT 2014.
    -->
    delete from gc_house_unit
    <include refid="gc_house_unit.ibatorgenerated_Example_Where_Clause" />
  </delete>
  <insert id="ibatorgenerated_insert" parameterClass="com.maji.shared.ibatis.beans.HouseUnit" >
    <!--
      WARNING - This element is automatically generated by Apache iBATIS ibator, do not modify.
      This element was generated on Sun Aug 24 21:07:15 EAT 2014.
    -->
    insert into gc_house_unit (unit_id, unit_number, block_id, owner_id, tenant_id, meter_number,
      created_on, created_by, modified_on, modified_by, gc_house_unitcol)
    values (#unitId:INTEGER#, #unitNumber:VARCHAR#, #blockId:INTEGER#, #ownerId:INTEGER#,
      #tenantId:INTEGER#, #meterNumber:VARCHAR#, #createdOn:TIMESTAMP#, #createdBy:INTEGER#,
      #modifiedOn:TIMESTAMP#, #modifiedBy:INTEGER#, #gcHouseUnitcol:VARCHAR#)
  </insert>
  <insert id="ibatorgenerated_insertSelective" parameterClass="com.maji.shared.ibatis.beans.HouseUnit" >
    <!--
      WARNING - This element is automatically generated by Apache iBATIS ibator, do not modify.
      This element was generated on Sun Aug 24 21:07:15 EAT 2014.
    -->
    insert into gc_house_unit
    <dynamic prepend="(" >
      <isNotNull prepend="," property="unitId" >
        unit_id
      </isNotNull>
      <isNotNull prepend="," property="unitNumber" >
        unit_number
      </isNotNull>
      <isNotNull prepend="," property="blockId" >
        block_id
      </isNotNull>
      <isNotNull prepend="," property="ownerId" >
        owner_id
      </isNotNull>
      <isNotNull prepend="," property="tenantId" >
        tenant_id
      </isNotNull>
      <isNotNull prepend="," property="meterNumber" >
        meter_number
      </isNotNull>
      <isNotNull prepend="," property="createdOn" >
        created_on
      </isNotNull>
      <isNotNull prepend="," property="createdBy" >
        created_by
      </isNotNull>
      <isNotNull prepend="," property="modifiedOn" >
        modified_on
      </isNotNull>
      <isNotNull prepend="," property="modifiedBy" >
        modified_by
      </isNotNull>
      <isNotNull prepend="," property="gcHouseUnitcol" >
        gc_house_unitcol
      </isNotNull>
      )
    </dynamic>
    values
    <dynamic prepend="(" >
      <isNotNull prepend="," property="unitId" >
        #unitId:INTEGER#
      </isNotNull>
      <isNotNull prepend="," property="unitNumber" >
        #unitNumber:VARCHAR#
      </isNotNull>
      <isNotNull prepend="," property="blockId" >
        #blockId:INTEGER#
      </isNotNull>
      <isNotNull prepend="," property="ownerId" >
        #ownerId:INTEGER#
      </isNotNull>
      <isNotNull prepend="," property="tenantId" >
        #tenantId:INTEGER#
      </isNotNull>
      <isNotNull prepend="," property="meterNumber" >
        #meterNumber:VARCHAR#
      </isNotNull>
      <isNotNull prepend="," property="createdOn" >
        #createdOn:TIMESTAMP#
      </isNotNull>
      <isNotNull prepend="," property="createdBy" >
        #createdBy:INTEGER#
      </isNotNull>
      <isNotNull prepend="," property="modifiedOn" >
        #modifiedOn:TIMESTAMP#
      </isNotNull>
      <isNotNull prepend="," property="modifiedBy" >
        #modifiedBy:INTEGER#
      </isNotNull>
      <isNotNull prepend="," property="gcHouseUnitcol" >
        #gcHouseUnitcol:VARCHAR#
      </isNotNull>
      )
    </dynamic>
  </insert>
  <select id="ibatorgenerated_countByExample" parameterClass="com.maji.shared.ibatis.beans.HouseUnitExample" resultClass="java.lang.Integer" >
    <!--
      WARNING - This element is automatically generated by Apache iBATIS ibator, do not modify.
      This element was generated on Sun Aug 24 21:07:15 EAT 2014.
    -->
    select count(*) from gc_house_unit
    <include refid="gc_house_unit.ibatorgenerated_Example_Where_Clause" />
  </select>
  <update id="ibatorgenerated_updateByExampleSelective" >
    <!--
      WARNING - This element is automatically generated by Apache iBATIS ibator, do not modify.
      This element was generated on Sun Aug 24 21:07:15 EAT 2014.
    -->
    update gc_house_unit
    <dynamic prepend="set" >
      <isNotNull prepend="," property="record.unitId" >
        unit_id = #record.unitId:INTEGER#
      </isNotNull>
      <isNotNull prepend="," property="record.unitNumber" >
        unit_number = #record.unitNumber:VARCHAR#
      </isNotNull>
      <isNotNull prepend="," property="record.blockId" >
        block_id = #record.blockId:INTEGER#
      </isNotNull>
      <isNotNull prepend="," property="record.ownerId" >
        owner_id = #record.ownerId:INTEGER#
      </isNotNull>
      <isNotNull prepend="," property="record.tenantId" >
        tenant_id = #record.tenantId:INTEGER#
      </isNotNull>
      <isNotNull prepend="," property="record.meterNumber" >
        meter_number = #record.meterNumber:VARCHAR#
      </isNotNull>
      <isNotNull prepend="," property="record.createdOn" >
        created_on = #record.createdOn:TIMESTAMP#
      </isNotNull>
      <isNotNull prepend="," property="record.createdBy" >
        created_by = #record.createdBy:INTEGER#
      </isNotNull>
      <isNotNull prepend="," property="record.modifiedOn" >
        modified_on = #record.modifiedOn:TIMESTAMP#
      </isNotNull>
      <isNotNull prepend="," property="record.modifiedBy" >
        modified_by = #record.modifiedBy:INTEGER#
      </isNotNull>
      <isNotNull prepend="," property="record.gcHouseUnitcol" >
        gc_house_unitcol = #record.gcHouseUnitcol:VARCHAR#
      </isNotNull>
    </dynamic>
    <isParameterPresent >
      <include refid="gc_house_unit.ibatorgenerated_Example_Where_Clause" />
    </isParameterPresent>
  </update>
  <update id="ibatorgenerated_updateByExample" >
    <!--
      WARNING - This element is automatically generated by Apache iBATIS ibator, do not modify.
      This element was generated on Sun Aug 24 21:07:15 EAT 2014.
    -->
    update gc_house_unit
    set unit_id = #record.unitId:INTEGER#,
      unit_number = #record.unitNumber:VARCHAR#,
      block_id = #record.blockId:INTEGER#,
      owner_id = #record.ownerId:INTEGER#,
      tenant_id = #record.tenantId:INTEGER#,
      meter_number = #record.meterNumber:VARCHAR#,
      created_on = #record.createdOn:TIMESTAMP#,
      created_by = #record.createdBy:INTEGER#,
      modified_on = #record.modifiedOn:TIMESTAMP#,
      modified_by = #record.modifiedBy:INTEGER#,
      gc_house_unitcol = #record.gcHouseUnitcol:VARCHAR#
    <isParameterPresent >
      <include refid="gc_house_unit.ibatorgenerated_Example_Where_Clause" />
    </isParameterPresent>
  </update>
  <update id="ibatorgenerated_updateByPrimaryKeySelective" parameterClass="com.maji.shared.ibatis.beans.HouseUnit" >
    <!--
      WARNING - This element is automatically generated by Apache iBATIS ibator, do not modify.
      This element was generated on Sun Aug 24 21:07:15 EAT 2014.
    -->
    update gc_house_unit
    <dynamic prepend="set" >
      <isNotNull prepend="," property="unitNumber" >
        unit_number = #unitNumber:VARCHAR#
      </isNotNull>
      <isNotNull prepend="," property="blockId" >
        block_id = #blockId:INTEGER#
      </isNotNull>
      <isNotNull prepend="," property="ownerId" >
        owner_id = #ownerId:INTEGER#
      </isNotNull>
      <isNotNull prepend="," property="tenantId" >
        tenant_id = #tenantId:INTEGER#
      </isNotNull>
      <isNotNull prepend="," property="meterNumber" >
        meter_number = #meterNumber:VARCHAR#
      </isNotNull>
      <isNotNull prepend="," property="createdOn" >
        created_on = #createdOn:TIMESTAMP#
      </isNotNull>
      <isNotNull prepend="," property="createdBy" >
        created_by = #createdBy:INTEGER#
      </isNotNull>
      <isNotNull prepend="," property="modifiedOn" >
        modified_on = #modifiedOn:TIMESTAMP#
      </isNotNull>
      <isNotNull prepend="," property="modifiedBy" >
        modified_by = #modifiedBy:INTEGER#
      </isNotNull>
      <isNotNull prepend="," property="gcHouseUnitcol" >
        gc_house_unitcol = #gcHouseUnitcol:VARCHAR#
      </isNotNull>
    </dynamic>
    where unit_id = #unitId:INTEGER#
  </update>
  <update id="ibatorgenerated_updateByPrimaryKey" parameterClass="com.maji.shared.ibatis.beans.HouseUnit" >
    <!--
      WARNING - This element is automatically generated by Apache iBATIS ibator, do not modify.
      This element was generated on Sun Aug 24 21:07:15 EAT 2014.
    -->
    update gc_house_unit
    set unit_number = #unitNumber:VARCHAR#,
      block_id = #blockId:INTEGER#,
      owner_id = #ownerId:INTEGER#,
      tenant_id = #tenantId:INTEGER#,
      meter_number = #meterNumber:VARCHAR#,
      created_on = #createdOn:TIMESTAMP#,
      created_by = #createdBy:INTEGER#,
      modified_on = #modifiedOn:TIMESTAMP#,
      modified_by = #modifiedBy:INTEGER#,
      gc_house_unitcol = #gcHouseUnitcol:VARCHAR#
    where unit_id = #unitId:INTEGER#
  </update>
</sqlMap>