<?xml version="1.0" encoding="UTF-8" ?>
<!DOCTYPE sqlMap PUBLIC "-//ibatis.apache.org//DTD SQL Map 2.0//EN" "http://ibatis.apache.org/dtd/sql-map-2.dtd" >
<sqlMap namespace="gc_person" >
  <resultMap id="ibatorgenerated_BaseResultMap" class="com.maji.shared.ibatis.beans.Person" >
    <!--
      WARNING - This element is automatically generated by Apache iBATIS ibator, do not modify.
      This element was generated on Tue Jul 22 09:36:14 EAT 2014.
    -->
    <result column="person_id" property="personId" jdbcType="INTEGER" />
    <result column="first_name" property="firstName" jdbcType="VARCHAR" />
    <result column="last_name" property="lastName" jdbcType="VARCHAR" />
    <result column="surname" property="surname" jdbcType="VARCHAR" />
    <result column="city_id" property="cityId" jdbcType="INTEGER" />
    <result column="address" property="address" jdbcType="VARCHAR" />
    <result column="mobile_number" property="mobileNumber" jdbcType="VARCHAR" />
    <result column="status_id" property="statusId" jdbcType="INTEGER" />
    <result column="created_on" property="createdOn" jdbcType="TIMESTAMP" />
    <result column="created_by" property="createdBy" jdbcType="INTEGER" />
    <result column="modified_on" property="modifiedOn" jdbcType="TIMESTAMP" />
    <result column="modified_by" property="modifiedBy" jdbcType="INTEGER" />
  </resultMap>
   <resultMap id="ibatorgenerated_BaseResultMap2" class="com.maji.shared.ibatis.beans.Person" >
    <!--
      WARNING - This element is automatically generated by Apache iBATIS ibator, do not modify.
      This element was generated on Tue Jul 22 09:36:14 EAT 2014.
    -->
    <result column="person_id" property="personId" jdbcType="INTEGER" />
    <result column="first_name" property="firstName" jdbcType="VARCHAR" />
    <result column="last_name" property="lastName" jdbcType="VARCHAR" />
    <result column="surname" property="surname" jdbcType="VARCHAR" />
    <result column="city_id" property="cityId" jdbcType="INTEGER" />
    <result column="address" property="address" jdbcType="VARCHAR" />
    <result column="mobile_number" property="mobileNumber" jdbcType="VARCHAR" />
    <result column="status_id" property="statusId" jdbcType="INTEGER" />
    <result column="created_on" property="createdOn" jdbcType="TIMESTAMP" />
    <result column="created_by" property="createdBy" jdbcType="INTEGER" />
    <result column="modified_on" property="modifiedOn" jdbcType="TIMESTAMP" />
    <result column="modified_by" property="modifiedBy" jdbcType="INTEGER" />
     <result column="status_name" property="statusName" jdbcType="VARCHAR" />
  </resultMap>
  <sql id="ibatorgenerated_Example_Where_Clause" >
    <!--
      WARNING - This element is automatically generated by Apache iBATIS ibator, do not modify.
      This element was generated on Tue Jul 22 09:36:14 EAT 2014.
    -->
    <iterate property="oredCriteria" conjunction="or" prepend="where" removeFirstPrepend="iterate" >
      <isEqual property="oredCriteria[].valid" compareValue="true" >
        (
        <iterate prepend="and" property="oredCriteria[].criteriaWithoutValue" conjunction="and" >
          $oredCriteria[].criteriaWithoutValue[]$
        </iterate>
        <iterate prepend="and" property="oredCriteria[].criteriaWithSingleValue" conjunction="and" >
          $oredCriteria[].criteriaWithSingleValue[].condition$
            #oredCriteria[].criteriaWithSingleValue[].value#
        </iterate>
        <iterate prepend="and" property="oredCriteria[].criteriaWithListValue" conjunction="and" >
          $oredCriteria[].criteriaWithListValue[].condition$
          <iterate property="oredCriteria[].criteriaWithListValue[].values" open="(" close=")" conjunction="," >
            #oredCriteria[].criteriaWithListValue[].values[]#
          </iterate>
        </iterate>
        <iterate prepend="and" property="oredCriteria[].criteriaWithBetweenValue" conjunction="and" >
          $oredCriteria[].criteriaWithBetweenValue[].condition$
          #oredCriteria[].criteriaWithBetweenValue[].values[0]# and
          #oredCriteria[].criteriaWithBetweenValue[].values[1]#
        </iterate>
        )
      </isEqual>
    </iterate>
  </sql>
  <select id="ibatorgenerated_selectByExample" resultMap="ibatorgenerated_BaseResultMap2" parameterClass="com.maji.shared.ibatis.beans.PersonExample" >
    <!--
      WARNING - This element is automatically generated by Apache iBATIS ibator, do not modify.
      This element was generated on Tue Jul 22 09:36:14 EAT 2014.
    -->
    select person_id, first_name, last_name, surname, city_id, address, mobile_number, gc_person.status_id,
      gc_person.created_on, gc_person.created_by, gc_person.modified_on, gc_person.modified_by, status_name
    from gc_person
    inner join gc_person_status on gc_person_status.status_id = gc_person.status_id
    <isParameterPresent >
      <include refid="gc_person.ibatorgenerated_Example_Where_Clause" />
      <isNotNull property="orderByClause" >
        order by $orderByClause$
      </isNotNull>
    </isParameterPresent>
  </select>
  <select id="ibatorgenerated_selectByPrimaryKey" resultMap="ibatorgenerated_BaseResultMap" parameterClass="com.maji.shared.ibatis.beans.Person" >
    <!--
      WARNING - This element is automatically generated by Apache iBATIS ibator, do not modify.
      This element was generated on Tue Jul 22 09:36:14 EAT 2014.
    -->
    select person_id, first_name, last_name, surname, city_id, address, mobile_number, status_id,
      created_on, created_by, modified_on, modified_by
    from gc_person
    where person_id = #personId:INTEGER#
  </select>
  <delete id="ibatorgenerated_deleteByPrimaryKey" parameterClass="com.maji.shared.ibatis.beans.Person" >
    <!--
      WARNING - This element is automatically generated by Apache iBATIS ibator, do not modify.
      This element was generated on Tue Jul 22 09:36:14 EAT 2014.
    -->
    delete from gc_person
    where person_id = #personId:INTEGER#
  </delete>
  <delete id="ibatorgenerated_deleteByExample" parameterClass="com.maji.shared.ibatis.beans.PersonExample" >
    <!--
      WARNING - This element is automatically generated by Apache iBATIS ibator, do not modify.
      This element was generated on Tue Jul 22 09:36:14 EAT 2014.
    -->
    delete from gc_person
    <include refid="gc_person.ibatorgenerated_Example_Where_Clause" />
  </delete>
  <insert id="ibatorgenerated_insert" parameterClass="com.maji.shared.ibatis.beans.Person" >
    <!--
      WARNING - This element is automatically generated by Apache iBATIS ibator, do not modify.
      This element was generated on Tue Jul 22 09:36:14 EAT 2014.
    -->
    insert into gc_person (person_id, first_name, last_name, surname, city_id, address,
      mobile_number, status_id, created_on, created_by, modified_on, modified_by)
    values (#personId:INTEGER#, #firstName:VARCHAR#, #lastName:VARCHAR#, #surname:VARCHAR#,
      #cityId:INTEGER#, #address:VARCHAR#, #mobileNumber:VARCHAR#, #statusId:INTEGER#,
      #createdOn:TIMESTAMP#, #createdBy:INTEGER#, #modifiedOn:TIMESTAMP#, #modifiedBy:INTEGER#)
  </insert>
  <insert id="ibatorgenerated_insertSelective" parameterClass="com.maji.shared.ibatis.beans.Person" >
    <!--
      WARNING - This element is automatically generated by Apache iBATIS ibator, do not modify.
      This element was generated on Tue Jul 22 09:36:14 EAT 2014.
    -->
    insert into gc_person
    <dynamic prepend="(" >
      <isNotNull prepend="," property="personId" >
        person_id
      </isNotNull>
      <isNotNull prepend="," property="firstName" >
        first_name
      </isNotNull>
      <isNotNull prepend="," property="lastName" >
        last_name
      </isNotNull>
      <isNotNull prepend="," property="surname" >
        surname
      </isNotNull>
      <isNotNull prepend="," property="cityId" >
        city_id
      </isNotNull>
      <isNotNull prepend="," property="address" >
        address
      </isNotNull>
      <isNotNull prepend="," property="mobileNumber" >
        mobile_number
      </isNotNull>
      <isNotNull prepend="," property="statusId" >
        status_id
      </isNotNull>
      <isNotNull prepend="," property="createdOn" >
        created_on
      </isNotNull>
      <isNotNull prepend="," property="createdBy" >
        created_by
      </isNotNull>
      <isNotNull prepend="," property="modifiedOn" >
        modified_on
      </isNotNull>
      <isNotNull prepend="," property="modifiedBy" >
        modified_by
      </isNotNull>
      )
    </dynamic>
    values
    <dynamic prepend="(" >
      <isNotNull prepend="," property="personId" >
        #personId:INTEGER#
      </isNotNull>
      <isNotNull prepend="," property="firstName" >
        #firstName:VARCHAR#
      </isNotNull>
      <isNotNull prepend="," property="lastName" >
        #lastName:VARCHAR#
      </isNotNull>
      <isNotNull prepend="," property="surname" >
        #surname:VARCHAR#
      </isNotNull>
      <isNotNull prepend="," property="cityId" >
        #cityId:INTEGER#
      </isNotNull>
      <isNotNull prepend="," property="address" >
        #address:VARCHAR#
      </isNotNull>
      <isNotNull prepend="," property="mobileNumber" >
        #mobileNumber:VARCHAR#
      </isNotNull>
      <isNotNull prepend="," property="statusId" >
        #statusId:INTEGER#
      </isNotNull>
      <isNotNull prepend="," property="createdOn" >
        #createdOn:TIMESTAMP#
      </isNotNull>
      <isNotNull prepend="," property="createdBy" >
        #createdBy:INTEGER#
      </isNotNull>
      <isNotNull prepend="," property="modifiedOn" >
        #modifiedOn:TIMESTAMP#
      </isNotNull>
      <isNotNull prepend="," property="modifiedBy" >
        #modifiedBy:INTEGER#
      </isNotNull>
      )
    </dynamic>
  </insert>
  <select id="ibatorgenerated_countByExample" parameterClass="com.maji.shared.ibatis.beans.PersonExample" resultClass="java.lang.Integer" >
    <!--
      WARNING - This element is automatically generated by Apache iBATIS ibator, do not modify.
      This element was generated on Tue Jul 22 09:36:14 EAT 2014.
    -->
    select count(*) from gc_person
    <include refid="gc_person.ibatorgenerated_Example_Where_Clause" />
  </select>
  <update id="ibatorgenerated_updateByExampleSelective" >
    <!--
      WARNING - This element is automatically generated by Apache iBATIS ibator, do not modify.
      This element was generated on Tue Jul 22 09:36:14 EAT 2014.
    -->
    update gc_person
    <dynamic prepend="set" >
      <isNotNull prepend="," property="record.personId" >
        person_id = #record.personId:INTEGER#
      </isNotNull>
      <isNotNull prepend="," property="record.firstName" >
        first_name = #record.firstName:VARCHAR#
      </isNotNull>
      <isNotNull prepend="," property="record.lastName" >
        last_name = #record.lastName:VARCHAR#
      </isNotNull>
      <isNotNull prepend="," property="record.surname" >
        surname = #record.surname:VARCHAR#
      </isNotNull>
      <isNotNull prepend="," property="record.cityId" >
        city_id = #record.cityId:INTEGER#
      </isNotNull>
      <isNotNull prepend="," property="record.address" >
        address = #record.address:VARCHAR#
      </isNotNull>
      <isNotNull prepend="," property="record.mobileNumber" >
        mobile_number = #record.mobileNumber:VARCHAR#
      </isNotNull>
      <isNotNull prepend="," property="record.statusId" >
        status_id = #record.statusId:INTEGER#
      </isNotNull>
      <isNotNull prepend="," property="record.createdOn" >
        created_on = #record.createdOn:TIMESTAMP#
      </isNotNull>
      <isNotNull prepend="," property="record.createdBy" >
        created_by = #record.createdBy:INTEGER#
      </isNotNull>
      <isNotNull prepend="," property="record.modifiedOn" >
        modified_on = #record.modifiedOn:TIMESTAMP#
      </isNotNull>
      <isNotNull prepend="," property="record.modifiedBy" >
        modified_by = #record.modifiedBy:INTEGER#
      </isNotNull>
    </dynamic>
    <isParameterPresent >
      <include refid="gc_person.ibatorgenerated_Example_Where_Clause" />
    </isParameterPresent>
  </update>
  <update id="ibatorgenerated_updateByExample" >
    <!--
      WARNING - This element is automatically generated by Apache iBATIS ibator, do not modify.
      This element was generated on Tue Jul 22 09:36:14 EAT 2014.
    -->
    update gc_person
    set person_id = #record.personId:INTEGER#,
      first_name = #record.firstName:VARCHAR#,
      last_name = #record.lastName:VARCHAR#,
      surname = #record.surname:VARCHAR#,
      city_id = #record.cityId:INTEGER#,
      address = #record.address:VARCHAR#,
      mobile_number = #record.mobileNumber:VARCHAR#,
      status_id = #record.statusId:INTEGER#,
      created_on = #record.createdOn:TIMESTAMP#,
      created_by = #record.createdBy:INTEGER#,
      modified_on = #record.modifiedOn:TIMESTAMP#,
      modified_by = #record.modifiedBy:INTEGER#
    <isParameterPresent >
      <include refid="gc_person.ibatorgenerated_Example_Where_Clause" />
    </isParameterPresent>
  </update>
  <update id="ibatorgenerated_updateByPrimaryKeySelective" parameterClass="com.maji.shared.ibatis.beans.Person" >
    <!--
      WARNING - This element is automatically generated by Apache iBATIS ibator, do not modify.
      This element was generated on Tue Jul 22 09:36:14 EAT 2014.
    -->
    update gc_person
    <dynamic prepend="set" >
      <isNotNull prepend="," property="firstName" >
        first_name = #firstName:VARCHAR#
      </isNotNull>
      <isNotNull prepend="," property="lastName" >
        last_name = #lastName:VARCHAR#
      </isNotNull>
      <isNotNull prepend="," property="surname" >
        surname = #surname:VARCHAR#
      </isNotNull>
      <isNotNull prepend="," property="cityId" >
        city_id = #cityId:INTEGER#
      </isNotNull>
      <isNotNull prepend="," property="address" >
        address = #address:VARCHAR#
      </isNotNull>
      <isNotNull prepend="," property="mobileNumber" >
        mobile_number = #mobileNumber:VARCHAR#
      </isNotNull>
      <isNotNull prepend="," property="statusId" >
        status_id = #statusId:INTEGER#
      </isNotNull>
      <isNotNull prepend="," property="createdOn" >
        created_on = #createdOn:TIMESTAMP#
      </isNotNull>
      <isNotNull prepend="," property="createdBy" >
        created_by = #createdBy:INTEGER#
      </isNotNull>
      <isNotNull prepend="," property="modifiedOn" >
        modified_on = #modifiedOn:TIMESTAMP#
      </isNotNull>
      <isNotNull prepend="," property="modifiedBy" >
        modified_by = #modifiedBy:INTEGER#
      </isNotNull>
    </dynamic>
    where person_id = #personId:INTEGER#
  </update>
  <update id="ibatorgenerated_updateByPrimaryKey" parameterClass="com.maji.shared.ibatis.beans.Person" >
    <!--
      WARNING - This element is automatically generated by Apache iBATIS ibator, do not modify.
      This element was generated on Tue Jul 22 09:36:14 EAT 2014.
    -->
    update gc_person
    set first_name = #firstName:VARCHAR#,
      last_name = #lastName:VARCHAR#,
      surname = #surname:VARCHAR#,
      city_id = #cityId:INTEGER#,
      address = #address:VARCHAR#,
      mobile_number = #mobileNumber:VARCHAR#,
      status_id = #statusId:INTEGER#,
      created_on = #createdOn:TIMESTAMP#,
      created_by = #createdBy:INTEGER#,
      modified_on = #modifiedOn:TIMESTAMP#,
      modified_by = #modifiedBy:INTEGER#
    where person_id = #personId:INTEGER#
  </update>
</sqlMap>