<?xml version="1.0" encoding="UTF-8" ?>
<!DOCTYPE sqlMap PUBLIC "-//ibatis.apache.org//DTD SQL Map 2.0//EN" "http://ibatis.apache.org/dtd/sql-map-2.dtd" >
<sqlMap namespace="gc_user" >
  <resultMap id="ibatorgenerated_BaseResultMap" class="com.maji.shared.ibatis.beans.User" >
    <!--
      WARNING - This element is automatically generated by Apache iBATIS ibator, do not modify.
      This element was generated on Tue Jul 22 09:36:14 EAT 2014.
    -->
    <result column="user_id" property="userId" jdbcType="INTEGER" />
    <result column="user_name" property="userName" jdbcType="VARCHAR" />
    <result column="surname" property="surname" jdbcType="VARCHAR" />
    <result column="first_name" property="firstName" jdbcType="VARCHAR" />
    <result column="last_name" property="lastName" jdbcType="VARCHAR" />
    <result column="password" property="password" jdbcType="VARCHAR" />
    <result column="is_active" property="isActive" jdbcType="BIT" />
    <result column="last_login" property="lastLogin" jdbcType="TIMESTAMP" />
    <result column="created_on" property="createdOn" jdbcType="TIMESTAMP" />
    <result column="created_by" property="createdBy" jdbcType="INTEGER" />
    <result column="modified_on" property="modifiedOn" jdbcType="TIMESTAMP" />
    <result column="modified_by" property="modifiedBy" jdbcType="INTEGER" />
  </resultMap>
   <resultMap class="com.maji.shared.beans.UserLoginData" id="custom_LoginDataResultMap">  
    <result column="user_id" jdbcType="INTEGER" property="userId" />
    <result column="user_name" jdbcType="VARCHAR" property="username" />
    <result column="password" jdbcType="VARCHAR" property="password" />
   <!--  <result column="user_role_id" jdbcType="INTEGER" property="userRoleId" />
    <result column="systemadminid" jdbcType="INTEGER" property="systemAdminId" />
    <result column="companyuserid" jdbcType="INTEGER" property="companyUserId" />
    <result column="companyid" jdbcType="INTEGER" property="companyId" /> -->
    
  </resultMap>
  <sql id="ibatorgenerated_Example_Where_Clause" >
    <!--
      WARNING - This element is automatically generated by Apache iBATIS ibator, do not modify.
      This element was generated on Tue Jul 22 09:36:14 EAT 2014.
    -->
    <iterate property="oredCriteria" conjunction="or" prepend="where" removeFirstPrepend="iterate" >
      <isEqual property="oredCriteria[].valid" compareValue="true" >
        (
        <iterate prepend="and" property="oredCriteria[].criteriaWithoutValue" conjunction="and" >
          $oredCriteria[].criteriaWithoutValue[]$
        </iterate>
        <iterate prepend="and" property="oredCriteria[].criteriaWithSingleValue" conjunction="and" >
          $oredCriteria[].criteriaWithSingleValue[].condition$
            #oredCriteria[].criteriaWithSingleValue[].value#
        </iterate>
        <iterate prepend="and" property="oredCriteria[].criteriaWithListValue" conjunction="and" >
          $oredCriteria[].criteriaWithListValue[].condition$
          <iterate property="oredCriteria[].criteriaWithListValue[].values" open="(" close=")" conjunction="," >
            #oredCriteria[].criteriaWithListValue[].values[]#
          </iterate>
        </iterate>
        <iterate prepend="and" property="oredCriteria[].criteriaWithBetweenValue" conjunction="and" >
          $oredCriteria[].criteriaWithBetweenValue[].condition$
          #oredCriteria[].criteriaWithBetweenValue[].values[0]# and
          #oredCriteria[].criteriaWithBetweenValue[].values[1]#
        </iterate>
        )
      </isEqual>
    </iterate>
  </sql>
  <select id="ibatorgenerated_selectByExample" resultMap="ibatorgenerated_BaseResultMap" parameterClass="com.maji.shared.ibatis.beans.UserExample" >
    <!--
      WARNING - This element is automatically generated by Apache iBATIS ibator, do not modify.
      This element was generated on Tue Jul 22 09:36:14 EAT 2014.
    -->
    select user_id, user_name, surname, first_name, last_name, password, is_active, last_login,
      created_on, created_by, modified_on, modified_by
    from gc_user
    <isParameterPresent >
      <include refid="gc_user.ibatorgenerated_Example_Where_Clause" />
      <isNotNull property="orderByClause" >
        order by $orderByClause$
      </isNotNull>
    </isParameterPresent>
  </select>
  <select id="ibatorgenerated_selectByPrimaryKey" resultMap="ibatorgenerated_BaseResultMap" parameterClass="com.maji.shared.ibatis.beans.User" >
    <!--
      WARNING - This element is automatically generated by Apache iBATIS ibator, do not modify.
      This element was generated on Tue Jul 22 09:36:14 EAT 2014.
    -->
    select user_id, user_name, surname, first_name, last_name, password, is_active, last_login,
      created_on, created_by, modified_on, modified_by
    from gc_user
    where user_id = #userId:INTEGER#
  </select>
  <delete id="ibatorgenerated_deleteByPrimaryKey" parameterClass="com.maji.shared.ibatis.beans.User" >
    <!--
      WARNING - This element is automatically generated by Apache iBATIS ibator, do not modify.
      This element was generated on Tue Jul 22 09:36:14 EAT 2014.
    -->
    delete from gc_user
    where user_id = #userId:INTEGER#
  </delete>
  <delete id="ibatorgenerated_deleteByExample" parameterClass="com.maji.shared.ibatis.beans.UserExample" >
    <!--
      WARNING - This element is automatically generated by Apache iBATIS ibator, do not modify.
      This element was generated on Tue Jul 22 09:36:14 EAT 2014.
    -->
    delete from gc_user
    <include refid="gc_user.ibatorgenerated_Example_Where_Clause" />
  </delete>
  <insert id="ibatorgenerated_insert" parameterClass="com.maji.shared.ibatis.beans.User" >
    <!--
      WARNING - This element is automatically generated by Apache iBATIS ibator, do not modify.
      This element was generated on Tue Jul 22 09:36:14 EAT 2014.
    -->
    insert into gc_user (user_id, user_name, surname, first_name, last_name, password, is_active,
      last_login, created_on, created_by, modified_on, modified_by)
    values (#userId:INTEGER#, #userName:VARCHAR#, #surname:VARCHAR#, #firstName:VARCHAR#,
      #lastName:VARCHAR#, #password:VARCHAR#, #isActive:BIT#, #lastLogin:TIMESTAMP#,
      #createdOn:TIMESTAMP#, #createdBy:INTEGER#, #modifiedOn:TIMESTAMP#, #modifiedBy:INTEGER#)
  </insert>
  <insert id="ibatorgenerated_insertSelective" parameterClass="com.maji.shared.ibatis.beans.User" >
    <!--
      WARNING - This element is automatically generated by Apache iBATIS ibator, do not modify.
      This element was generated on Tue Jul 22 09:36:14 EAT 2014.
    -->
    insert into gc_user
    <dynamic prepend="(" >
      <isNotNull prepend="," property="userId" >
        user_id
      </isNotNull>
      <isNotNull prepend="," property="userName" >
        user_name
      </isNotNull>
      <isNotNull prepend="," property="surname" >
        surname
      </isNotNull>
      <isNotNull prepend="," property="firstName" >
        first_name
      </isNotNull>
      <isNotNull prepend="," property="lastName" >
        last_name
      </isNotNull>
      <isNotNull prepend="," property="password" >
        password
      </isNotNull>
      <isNotNull prepend="," property="isActive" >
        is_active
      </isNotNull>
      <isNotNull prepend="," property="lastLogin" >
        last_login
      </isNotNull>
      <isNotNull prepend="," property="createdOn" >
        created_on
      </isNotNull>
      <isNotNull prepend="," property="createdBy" >
        created_by
      </isNotNull>
      <isNotNull prepend="," property="modifiedOn" >
        modified_on
      </isNotNull>
      <isNotNull prepend="," property="modifiedBy" >
        modified_by
      </isNotNull>
      )
    </dynamic>
    values
    <dynamic prepend="(" >
      <isNotNull prepend="," property="userId" >
        #userId:INTEGER#
      </isNotNull>
      <isNotNull prepend="," property="userName" >
        #userName:VARCHAR#
      </isNotNull>
      <isNotNull prepend="," property="surname" >
        #surname:VARCHAR#
      </isNotNull>
      <isNotNull prepend="," property="firstName" >
        #firstName:VARCHAR#
      </isNotNull>
      <isNotNull prepend="," property="lastName" >
        #lastName:VARCHAR#
      </isNotNull>
      <isNotNull prepend="," property="password" >
        #password:VARCHAR#
      </isNotNull>
      <isNotNull prepend="," property="isActive" >
        #isActive:BIT#
      </isNotNull>
      <isNotNull prepend="," property="lastLogin" >
        #lastLogin:TIMESTAMP#
      </isNotNull>
      <isNotNull prepend="," property="createdOn" >
        #createdOn:TIMESTAMP#
      </isNotNull>
      <isNotNull prepend="," property="createdBy" >
        #createdBy:INTEGER#
      </isNotNull>
      <isNotNull prepend="," property="modifiedOn" >
        #modifiedOn:TIMESTAMP#
      </isNotNull>
      <isNotNull prepend="," property="modifiedBy" >
        #modifiedBy:INTEGER#
      </isNotNull>
      )
    </dynamic>
    <selectKey keyProperty="userId" type="post" resultClass="java.lang.Integer">
		select last_insert_id() as userId
	 </selectKey>
  </insert>
  <select id="ibatorgenerated_countByExample" parameterClass="com.maji.shared.ibatis.beans.UserExample" resultClass="java.lang.Integer" >
    <!--
      WARNING - This element is automatically generated by Apache iBATIS ibator, do not modify.
      This element was generated on Tue Jul 22 09:36:14 EAT 2014.
    -->
    select count(*) from gc_user
    <include refid="gc_user.ibatorgenerated_Example_Where_Clause" />
  </select>
  <update id="ibatorgenerated_updateByExampleSelective" >
    <!--
      WARNING - This element is automatically generated by Apache iBATIS ibator, do not modify.
      This element was generated on Tue Jul 22 09:36:14 EAT 2014.
    -->
    update gc_user
    <dynamic prepend="set" >
      <isNotNull prepend="," property="record.userId" >
        user_id = #record.userId:INTEGER#
      </isNotNull>
      <isNotNull prepend="," property="record.userName" >
        user_name = #record.userName:VARCHAR#
      </isNotNull>
      <isNotNull prepend="," property="record.surname" >
        surname = #record.surname:VARCHAR#
      </isNotNull>
      <isNotNull prepend="," property="record.firstName" >
        first_name = #record.firstName:VARCHAR#
      </isNotNull>
      <isNotNull prepend="," property="record.lastName" >
        last_name = #record.lastName:VARCHAR#
      </isNotNull>
      <isNotNull prepend="," property="record.password" >
        password = #record.password:VARCHAR#
      </isNotNull>
      <isNotNull prepend="," property="record.isActive" >
        is_active = #record.isActive:BIT#
      </isNotNull>
      <isNotNull prepend="," property="record.lastLogin" >
        last_login = #record.lastLogin:TIMESTAMP#
      </isNotNull>
      <isNotNull prepend="," property="record.createdOn" >
        created_on = #record.createdOn:TIMESTAMP#
      </isNotNull>
      <isNotNull prepend="," property="record.createdBy" >
        created_by = #record.createdBy:INTEGER#
      </isNotNull>
      <isNotNull prepend="," property="record.modifiedOn" >
        modified_on = #record.modifiedOn:TIMESTAMP#
      </isNotNull>
      <isNotNull prepend="," property="record.modifiedBy" >
        modified_by = #record.modifiedBy:INTEGER#
      </isNotNull>
    </dynamic>
    <isParameterPresent >
      <include refid="gc_user.ibatorgenerated_Example_Where_Clause" />
    </isParameterPresent>
  </update>
  <update id="ibatorgenerated_updateByExample" >
    <!--
      WARNING - This element is automatically generated by Apache iBATIS ibator, do not modify.
      This element was generated on Tue Jul 22 09:36:14 EAT 2014.
    -->
    update gc_user
    set user_id = #record.userId:INTEGER#,
      user_name = #record.userName:VARCHAR#,
      surname = #record.surname:VARCHAR#,
      first_name = #record.firstName:VARCHAR#,
      last_name = #record.lastName:VARCHAR#,
      password = #record.password:VARCHAR#,
      is_active = #record.isActive:BIT#,
      last_login = #record.lastLogin:TIMESTAMP#,
      created_on = #record.createdOn:TIMESTAMP#,
      created_by = #record.createdBy:INTEGER#,
      modified_on = #record.modifiedOn:TIMESTAMP#,
      modified_by = #record.modifiedBy:INTEGER#
    <isParameterPresent >
      <include refid="gc_user.ibatorgenerated_Example_Where_Clause" />
    </isParameterPresent>
  </update>
  <update id="ibatorgenerated_updateByPrimaryKeySelective" parameterClass="com.maji.shared.ibatis.beans.User" >
    <!--
      WARNING - This element is automatically generated by Apache iBATIS ibator, do not modify.
      This element was generated on Tue Jul 22 09:36:14 EAT 2014.
    -->
    update gc_user
    <dynamic prepend="set" >
      <isNotNull prepend="," property="userName" >
        user_name = #userName:VARCHAR#
      </isNotNull>
      <isNotNull prepend="," property="surname" >
        surname = #surname:VARCHAR#
      </isNotNull>
      <isNotNull prepend="," property="firstName" >
        first_name = #firstName:VARCHAR#
      </isNotNull>
      <isNotNull prepend="," property="lastName" >
        last_name = #lastName:VARCHAR#
      </isNotNull>
      <isNotNull prepend="," property="password" >
        password = #password:VARCHAR#
      </isNotNull>
      <isNotNull prepend="," property="isActive" >
        is_active = #isActive:BIT#
      </isNotNull>
      <isNotNull prepend="," property="lastLogin" >
        last_login = #lastLogin:TIMESTAMP#
      </isNotNull>
      <isNotNull prepend="," property="createdOn" >
        created_on = #createdOn:TIMESTAMP#
      </isNotNull>
      <isNotNull prepend="," property="createdBy" >
        created_by = #createdBy:INTEGER#
      </isNotNull>
      <isNotNull prepend="," property="modifiedOn" >
        modified_on = #modifiedOn:TIMESTAMP#
      </isNotNull>
      <isNotNull prepend="," property="modifiedBy" >
        modified_by = #modifiedBy:INTEGER#
      </isNotNull>
    </dynamic>
    where user_id = #userId:INTEGER#
  </update>
  <update id="ibatorgenerated_updateByPrimaryKey" parameterClass="com.maji.shared.ibatis.beans.User" >
    <!--
      WARNING - This element is automatically generated by Apache iBATIS ibator, do not modify.
      This element was generated on Tue Jul 22 09:36:14 EAT 2014.
    -->
    update gc_user
    set user_name = #userName:VARCHAR#,
      surname = #surname:VARCHAR#,
      first_name = #firstName:VARCHAR#,
      last_name = #lastName:VARCHAR#,
      password = #password:VARCHAR#,
      is_active = #isActive:BIT#,
      last_login = #lastLogin:TIMESTAMP#,
      created_on = #createdOn:TIMESTAMP#,
      created_by = #createdBy:INTEGER#,
      modified_on = #modifiedOn:TIMESTAMP#,
      modified_by = #modifiedBy:INTEGER#
    where user_id = #userId:INTEGER#
  </update>
  
   <select id="custom_userLoginData_selectByExample" parameterClass="com.maji.shared.ibatis.beans.UserExample" resultMap="custom_LoginDataResultMap">
    <!--
      WARNING - This element is automatically generated by Apache iBATIS ibator, do not modify.
      This element was generated on Thu Oct 13 12:20:43 EAT 2011.
    -->

	select user_id, user_name, password
    from gc_user
 
    <isParameterPresent>
      <include refid="gc_user.ibatorgenerated_Example_Where_Clause" />
      <isNotNull property="orderByClause">
        order by $orderByClause$
      </isNotNull>
    </isParameterPresent>
  </select>
</sqlMap>