<?xml version="1.0" encoding="UTF-8"?>
<!DOCTYPE sqlMap PUBLIC "-//ibatis.apache.org//DTD SQL Map 2.0//EN" "http://ibatis.apache.org/dtd/sql-map-2.dtd">
<sqlMap namespace="gc_water_bill_max">
  <resultMap class="com.maji.shared.ibatis.beans.WaterBillMax" id="ibatorgenerated_BaseResultMap">
    <!--
      WARNING - This element is automatically generated by Apache iBATIS ibator, do not modify.
      This element was generated on Thu Aug 07 10:21:23 EAT 2014.
    -->
    <result column="max_id" jdbcType="INTEGER" property="maxId" />
    <result column="prefix" jdbcType="VARCHAR" property="prefix" />
    <result column="last_num" jdbcType="INTEGER" property="lastNum" />
    <result column="created_by" jdbcType="INTEGER" property="createdBy" />
    <result column="created_on" jdbcType="TIMESTAMP" property="createdOn" />
    <result column="modified_by" jdbcType="INTEGER" property="modifiedBy" />
    <result column="modified_on" jdbcType="TIMESTAMP" property="modifiedOn" />
  </resultMap>
  <sql id="ibatorgenerated_Example_Where_Clause">
    <!--
      WARNING - This element is automatically generated by Apache iBATIS ibator, do not modify.
      This element was generated on Thu Aug 07 10:21:23 EAT 2014.
    -->
    <iterate conjunction="or" prepend="where" property="oredCriteria" removeFirstPrepend="iterate">
      <isEqual compareValue="true" property="oredCriteria[].valid">
        (
        <iterate conjunction="and" prepend="and" property="oredCriteria[].criteriaWithoutValue">
          $oredCriteria[].criteriaWithoutValue[]$
        </iterate>
        <iterate conjunction="and" prepend="and" property="oredCriteria[].criteriaWithSingleValue">
          $oredCriteria[].criteriaWithSingleValue[].condition$
            #oredCriteria[].criteriaWithSingleValue[].value#
        </iterate>
        <iterate conjunction="and" prepend="and" property="oredCriteria[].criteriaWithListValue">
          $oredCriteria[].criteriaWithListValue[].condition$
          <iterate close=")" conjunction="," open="(" property="oredCriteria[].criteriaWithListValue[].values">
            #oredCriteria[].criteriaWithListValue[].values[]#
          </iterate>
        </iterate>
        <iterate conjunction="and" prepend="and" property="oredCriteria[].criteriaWithBetweenValue">
          $oredCriteria[].criteriaWithBetweenValue[].condition$
          #oredCriteria[].criteriaWithBetweenValue[].values[0]# and
          #oredCriteria[].criteriaWithBetweenValue[].values[1]#
        </iterate>
        )
      </isEqual>
    </iterate>
  </sql>
  <select id="ibatorgenerated_selectByExample" parameterClass="com.maji.shared.ibatis.beans.WaterBillMaxExample" resultMap="ibatorgenerated_BaseResultMap">
    <!--
      WARNING - This element is automatically generated by Apache iBATIS ibator, do not modify.
      This element was generated on Thu Aug 07 10:21:23 EAT 2014.
    -->
    select max_id, prefix, last_num, created_by, created_on, modified_by, modified_on
    from gc_water_bill_max
    <isParameterPresent>
      <include refid="gc_water_bill_max.ibatorgenerated_Example_Where_Clause" />
      <isNotNull property="orderByClause">
        order by $orderByClause$
      </isNotNull>
    </isParameterPresent>
  </select>
  <select id="ibatorgenerated_selectByPrimaryKey" parameterClass="com.maji.shared.ibatis.beans.WaterBillMax" resultMap="ibatorgenerated_BaseResultMap">
    <!--
      WARNING - This element is automatically generated by Apache iBATIS ibator, do not modify.
      This element was generated on Thu Aug 07 10:21:23 EAT 2014.
    -->
    select max_id, prefix, last_num, created_by, created_on, modified_by, modified_on
    from gc_water_bill_max
    where max_id = #maxId:INTEGER#
  </select>
  <delete id="ibatorgenerated_deleteByPrimaryKey" parameterClass="com.maji.shared.ibatis.beans.WaterBillMax">
    <!--
      WARNING - This element is automatically generated by Apache iBATIS ibator, do not modify.
      This element was generated on Thu Aug 07 10:21:23 EAT 2014.
    -->
    delete from gc_water_bill_max
    where max_id = #maxId:INTEGER#
  </delete>
  <delete id="ibatorgenerated_deleteByExample" parameterClass="com.maji.shared.ibatis.beans.WaterBillMaxExample">
    <!--
      WARNING - This element is automatically generated by Apache iBATIS ibator, do not modify.
      This element was generated on Thu Aug 07 10:21:23 EAT 2014.
    -->
    delete from gc_water_bill_max
    <include refid="gc_water_bill_max.ibatorgenerated_Example_Where_Clause" />
  </delete>
  <insert id="ibatorgenerated_insert" parameterClass="com.maji.shared.ibatis.beans.WaterBillMax">
    <!--
      WARNING - This element is automatically generated by Apache iBATIS ibator, do not modify.
      This element was generated on Thu Aug 07 10:21:23 EAT 2014.
    -->
    insert into gc_water_bill_max (max_id, prefix, last_num, created_by, created_on, modified_by,
      modified_on)
    values (#maxId:INTEGER#, #prefix:VARCHAR#, #lastNum:INTEGER#, #createdBy:INTEGER#,
      #createdOn:TIMESTAMP#, #modifiedBy:INTEGER#, #modifiedOn:TIMESTAMP#)
  </insert>
  <insert id="ibatorgenerated_insertSelective" parameterClass="com.maji.shared.ibatis.beans.WaterBillMax">
    <!--
      WARNING - This element is automatically generated by Apache iBATIS ibator, do not modify.
      This element was generated on Thu Aug 07 10:21:23 EAT 2014.
    -->
    insert into gc_water_bill_max
    <dynamic prepend="(">
      <isNotNull prepend="," property="maxId">
        max_id
      </isNotNull>
      <isNotNull prepend="," property="prefix">
        prefix
      </isNotNull>
      <isNotNull prepend="," property="lastNum">
        last_num
      </isNotNull>
      <isNotNull prepend="," property="createdBy">
        created_by
      </isNotNull>
      <isNotNull prepend="," property="createdOn">
        created_on
      </isNotNull>
      <isNotNull prepend="," property="modifiedBy">
        modified_by
      </isNotNull>
      <isNotNull prepend="," property="modifiedOn">
        modified_on
      </isNotNull>
      )
    </dynamic>
    values
    <dynamic prepend="(">
      <isNotNull prepend="," property="maxId">
        #maxId:INTEGER#
      </isNotNull>
      <isNotNull prepend="," property="prefix">
        #prefix:VARCHAR#
      </isNotNull>
      <isNotNull prepend="," property="lastNum">
        #lastNum:INTEGER#
      </isNotNull>
      <isNotNull prepend="," property="createdBy">
        #createdBy:INTEGER#
      </isNotNull>
      <isNotNull prepend="," property="createdOn">
        #createdOn:TIMESTAMP#
      </isNotNull>
      <isNotNull prepend="," property="modifiedBy">
        #modifiedBy:INTEGER#
      </isNotNull>
      <isNotNull prepend="," property="modifiedOn">
        #modifiedOn:TIMESTAMP#
      </isNotNull>
      )
    </dynamic>
  </insert>
  <select id="ibatorgenerated_countByExample" parameterClass="com.maji.shared.ibatis.beans.WaterBillMaxExample" resultClass="java.lang.Integer">
    <!--
      WARNING - This element is automatically generated by Apache iBATIS ibator, do not modify.
      This element was generated on Thu Aug 07 10:21:23 EAT 2014.
    -->
    select count(*) from gc_water_bill_max
    <include refid="gc_water_bill_max.ibatorgenerated_Example_Where_Clause" />
  </select>
  <update id="ibatorgenerated_updateByExampleSelective">
    <!--
      WARNING - This element is automatically generated by Apache iBATIS ibator, do not modify.
      This element was generated on Thu Aug 07 10:21:23 EAT 2014.
    -->
    update gc_water_bill_max
    <dynamic prepend="set">
      <isNotNull prepend="," property="record.maxId">
        max_id = #record.maxId:INTEGER#
      </isNotNull>
      <isNotNull prepend="," property="record.prefix">
        prefix = #record.prefix:VARCHAR#
      </isNotNull>
      <isNotNull prepend="," property="record.lastNum">
        last_num = #record.lastNum:INTEGER#
      </isNotNull>
      <isNotNull prepend="," property="record.createdBy">
        created_by = #record.createdBy:INTEGER#
      </isNotNull>
      <isNotNull prepend="," property="record.createdOn">
        created_on = #record.createdOn:TIMESTAMP#
      </isNotNull>
      <isNotNull prepend="," property="record.modifiedBy">
        modified_by = #record.modifiedBy:INTEGER#
      </isNotNull>
      <isNotNull prepend="," property="record.modifiedOn">
        modified_on = #record.modifiedOn:TIMESTAMP#
      </isNotNull>
    </dynamic>
    <isParameterPresent>
      <include refid="gc_water_bill_max.ibatorgenerated_Example_Where_Clause" />
    </isParameterPresent>
  </update>
  <update id="ibatorgenerated_updateByExample">
    <!--
      WARNING - This element is automatically generated by Apache iBATIS ibator, do not modify.
      This element was generated on Thu Aug 07 10:21:23 EAT 2014.
    -->
    update gc_water_bill_max
    set max_id = #record.maxId:INTEGER#,
      prefix = #record.prefix:VARCHAR#,
      last_num = #record.lastNum:INTEGER#,
      created_by = #record.createdBy:INTEGER#,
      created_on = #record.createdOn:TIMESTAMP#,
      modified_by = #record.modifiedBy:INTEGER#,
      modified_on = #record.modifiedOn:TIMESTAMP#
    <isParameterPresent>
      <include refid="gc_water_bill_max.ibatorgenerated_Example_Where_Clause" />
    </isParameterPresent>
  </update>
  <update id="ibatorgenerated_updateByPrimaryKeySelective" parameterClass="com.maji.shared.ibatis.beans.WaterBillMax">
    <!--
      WARNING - This element is automatically generated by Apache iBATIS ibator, do not modify.
      This element was generated on Thu Aug 07 10:21:23 EAT 2014.
    -->
    update gc_water_bill_max
    <dynamic prepend="set">
      <isNotNull prepend="," property="prefix">
        prefix = #prefix:VARCHAR#
      </isNotNull>
      <isNotNull prepend="," property="lastNum">
        last_num = #lastNum:INTEGER#
      </isNotNull>
      <isNotNull prepend="," property="createdBy">
        created_by = #createdBy:INTEGER#
      </isNotNull>
      <isNotNull prepend="," property="createdOn">
        created_on = #createdOn:TIMESTAMP#
      </isNotNull>
      <isNotNull prepend="," property="modifiedBy">
        modified_by = #modifiedBy:INTEGER#
      </isNotNull>
      <isNotNull prepend="," property="modifiedOn">
        modified_on = #modifiedOn:TIMESTAMP#
      </isNotNull>
    </dynamic>
    where max_id = #maxId:INTEGER#
  </update>
  <update id="ibatorgenerated_updateByPrimaryKey" parameterClass="com.maji.shared.ibatis.beans.WaterBillMax">
    <!--
      WARNING - This element is automatically generated by Apache iBATIS ibator, do not modify.
      This element was generated on Thu Aug 07 10:21:23 EAT 2014.
    -->
    update gc_water_bill_max
    set prefix = #prefix:VARCHAR#,
      last_num = #lastNum:INTEGER#,
      created_by = #createdBy:INTEGER#,
      created_on = #createdOn:TIMESTAMP#,
      modified_by = #modifiedBy:INTEGER#,
      modified_on = #modifiedOn:TIMESTAMP#
    where max_id = #maxId:INTEGER#
  </update>
</sqlMap>