<?xml version="1.0" encoding="UTF-8"?>
<!-- Created with Jaspersoft Studio version last-->
<jasperReport xmlns="http://jasperreports.sourceforge.net/jasperreports" xmlns:xsi="http://www.w3.org/2001/XMLSchema-instance" xsi:schemaLocation="http://jasperreports.sourceforge.net/jasperreports http://jasperreports.sourceforge.net/xsd/jasperreport.xsd" name="bill" pageWidth="595" pageHeight="842" columnWidth="535" leftMargin="20" rightMargin="20" topMargin="20" bottomMargin="20" uuid="b12c06c7-5867-43db-ae86-6a99fd8e1575">
	<property name="com.jaspersoft.studio.data.defaultdataadapter" value="majicn"/>
	<style name="Title" fontName="Times New Roman" fontSize="50" isBold="true" pdfFontName="Times-Bold"/>
	<style name="SubTitle" forecolor="#736343" fontName="Arial" fontSize="18"/>
	<style name="Column header" forecolor="#666666" fontName="Arial" fontSize="12" isBold="true"/>
	<style name="Detail" fontName="Arial" fontSize="12"/>
	<style name="Row" mode="Transparent">
		<conditionalStyle>
			<conditionExpression><![CDATA[$V{REPORT_COUNT}%2 == 0]]></conditionExpression>
			<style backcolor="#E6DAC3"/>
		</conditionalStyle>
	</style>
	<style name="Table_TH" mode="Opaque" backcolor="#F0F8FF">
		<box>
			<pen lineWidth="0.5" lineColor="#000000"/>
			<topPen lineWidth="0.5" lineColor="#000000"/>
			<leftPen lineWidth="0.5" lineColor="#000000"/>
			<bottomPen lineWidth="0.5" lineColor="#000000"/>
			<rightPen lineWidth="0.5" lineColor="#000000"/>
		</box>
	</style>
	<style name="Table_CH" mode="Opaque" backcolor="#BFE1FF">
		<box>
			<pen lineWidth="0.5" lineColor="#000000"/>
			<topPen lineWidth="0.5" lineColor="#000000"/>
			<leftPen lineWidth="0.5" lineColor="#000000"/>
			<bottomPen lineWidth="0.5" lineColor="#000000"/>
			<rightPen lineWidth="0.5" lineColor="#000000"/>
		</box>
	</style>
	<style name="Table_TD" mode="Opaque" backcolor="#FFFFFF">
		<box>
			<pen lineWidth="0.5" lineColor="#000000"/>
			<topPen lineWidth="0.5" lineColor="#000000"/>
			<leftPen lineWidth="0.5" lineColor="#000000"/>
			<bottomPen lineWidth="0.5" lineColor="#000000"/>
			<rightPen lineWidth="0.5" lineColor="#000000"/>
		</box>
	</style>
	<style name="Table 1_TH" mode="Opaque" backcolor="#F0F8FF">
		<box>
			<pen lineWidth="0.5" lineColor="#000000"/>
			<topPen lineWidth="0.5" lineColor="#000000"/>
			<leftPen lineWidth="0.5" lineColor="#000000"/>
			<bottomPen lineWidth="0.5" lineColor="#000000"/>
			<rightPen lineWidth="0.5" lineColor="#000000"/>
		</box>
	</style>
	<style name="Table 1_CH" mode="Opaque" backcolor="#BFE1FF">
		<box>
			<pen lineWidth="0.5" lineColor="#000000"/>
			<topPen lineWidth="0.5" lineColor="#000000"/>
			<leftPen lineWidth="0.5" lineColor="#000000"/>
			<bottomPen lineWidth="0.5" lineColor="#000000"/>
			<rightPen lineWidth="0.5" lineColor="#000000"/>
		</box>
	</style>
	<style name="Table 1_TD" mode="Opaque" backcolor="#FFFFFF">
		<box>
			<pen lineWidth="0.5" lineColor="#000000"/>
			<topPen lineWidth="0.5" lineColor="#000000"/>
			<leftPen lineWidth="0.5" lineColor="#000000"/>
			<bottomPen lineWidth="0.5" lineColor="#000000"/>
			<rightPen lineWidth="0.5" lineColor="#000000"/>
		</box>
	</style>
	<style name="Table 2_TH" mode="Opaque" backcolor="#FFFFFF">
		<box>
			<pen lineWidth="0.5" lineColor="#000000"/>
			<topPen lineWidth="0.5" lineColor="#000000"/>
			<leftPen lineWidth="0.5" lineColor="#000000"/>
			<bottomPen lineWidth="0.5" lineColor="#000000"/>
			<rightPen lineWidth="0.5" lineColor="#000000"/>
		</box>
	</style>
	<style name="Table 2_CH" mode="Opaque" backcolor="#FFFFFF">
		<box>
			<pen lineWidth="0.5" lineColor="#000000"/>
			<topPen lineWidth="0.5" lineColor="#000000"/>
			<leftPen lineWidth="0.5" lineColor="#000000"/>
			<bottomPen lineWidth="0.5" lineColor="#000000"/>
			<rightPen lineWidth="0.5" lineColor="#000000"/>
		</box>
	</style>
	<style name="Table 2_TD" mode="Opaque" backcolor="#FFFFFF">
		<box>
			<pen lineWidth="0.5" lineColor="#000000"/>
			<topPen lineWidth="0.5" lineColor="#000000"/>
			<leftPen lineWidth="0.5" lineColor="#000000"/>
			<bottomPen lineWidth="0.5" lineColor="#000000"/>
			<rightPen lineWidth="0.5" lineColor="#000000"/>
		</box>
	</style>
	<subDataset name="Dataset1" uuid="a06e9050-a6b9-45de-8508-1cc69ef39e6a">
		<queryString>
			<![CDATA[]]>
		</queryString>
	</subDataset>
	<subDataset name="st_charges_ds" uuid="bf18231c-79dd-4a27-999b-76c3ce67b96a">
		<property name="com.jaspersoft.studio.data.defaultdataadapter" value="majicn"/>
		<queryString language="SQL">
			<![CDATA[select stcharge_description, stcharge_amount
from gc_standard_charge 
where is_active = 1]]>
		</queryString>
		<field name="stcharge_description" class="java.lang.String">
			<fieldDescription><![CDATA[]]></fieldDescription>
		</field>
		<field name="stcharge_amount" class="java.math.BigDecimal">
			<fieldDescription><![CDATA[]]></fieldDescription>
		</field>
	</subDataset>
	<parameter name="bill_id_in" class="java.lang.Integer">
		<parameterDescription><![CDATA[]]></parameterDescription>
		<defaultValueExpression><![CDATA[0]]></defaultValueExpression>
	</parameter>
	<queryString language="SQL">
		<![CDATA[select w.bill_id, w.bill_number, w.month, w.year, w.meter_reading, w.units_consumed, w.charge_id,
      w.house_unit_id, DATE_FORMAT(w.due_date, '%Y-%m-%d') as due_date,
      DATE_FORMAT(w.billing_date, '%Y-%m-%d') as billing_date, w.status_id, 
      DATE_FORMAT(w.created_on, '%Y-%m-%d') as created_on, w.created_by, 
      ws.status_name, h.unit_number, ROUND(c.amount_per_unit ,2) as amount_per_unit, 
      CONCAT(p.surname , ' ' , p.first_name , ' ' , p.last_name) as recepient,
      h.meter_number,
      w.meter_reading - w.units_consumed as prev_meter_reading,
      ROUND(w.units_consumed * c.amount_per_unit, 2) as total_bill,
      (select sum(stcharge_amount) from gc_standard_charge ) as total_st_charge
    from gc_water_bill w
    inner join gc_water_bill_status ws on w.status_id = ws.status_id 
	inner join gc_house_unit h on w.house_unit_id = h.unit_id
	inner join gc_water_charge c on w.charge_id = c.charge_id
	inner join gc_person p on p.person_id = h.owner_id 
	where w.bill_id = $P{bill_id_in}]]>
	</queryString>
	<field name="bill_number" class="java.lang.String">
		<fieldDescription><![CDATA[]]></fieldDescription>
	</field>
	<field name="month" class="java.lang.String">
		<fieldDescription><![CDATA[]]></fieldDescription>
	</field>
	<field name="year" class="java.lang.Integer">
		<fieldDescription><![CDATA[]]></fieldDescription>
	</field>
	<field name="meter_reading" class="java.math.BigDecimal">
		<fieldDescription><![CDATA[]]></fieldDescription>
	</field>
	<field name="units_consumed" class="java.math.BigDecimal">
		<fieldDescription><![CDATA[]]></fieldDescription>
	</field>
	<field name="due_date" class="java.lang.String">
		<fieldDescription><![CDATA[]]></fieldDescription>
	</field>
	<field name="created_on" class="java.lang.String">
		<fieldDescription><![CDATA[]]></fieldDescription>
	</field>
	<field name="status_name" class="java.lang.String">
		<fieldDescription><![CDATA[]]></fieldDescription>
	</field>
	<field name="unit_number" class="java.lang.String">
		<fieldDescription><![CDATA[]]></fieldDescription>
	</field>
	<field name="amount_per_unit" class="java.math.BigDecimal">
		<fieldDescription><![CDATA[]]></fieldDescription>
	</field>
	<field name="recepient" class="java.lang.String"/>
	<field name="meter_number" class="java.lang.String">
		<fieldDescription><![CDATA[]]></fieldDescription>
	</field>
	<field name="bill_id" class="java.lang.Integer">
		<fieldDescription><![CDATA[]]></fieldDescription>
	</field>
	<field name="charge_id" class="java.lang.Integer">
		<fieldDescription><![CDATA[]]></fieldDescription>
	</field>
	<field name="house_unit_id" class="java.lang.Integer">
		<fieldDescription><![CDATA[]]></fieldDescription>
	</field>
	<field name="status_id" class="java.lang.Integer">
		<fieldDescription><![CDATA[]]></fieldDescription>
	</field>
	<field name="created_by" class="java.lang.Integer">
		<fieldDescription><![CDATA[]]></fieldDescription>
	</field>
	<field name="prev_meter_reading" class="java.math.BigDecimal"/>
	<field name="total_bill" class="java.math.BigDecimal"/>
	<field name="total_st_charge" class="java.math.BigDecimal"/>
	<field name="billing_date" class="java.lang.String">
		<fieldDescription><![CDATA[]]></fieldDescription>
	</field>
	<group name="Group1">
		<groupExpression><![CDATA[$F{unit_number}]]></groupExpression>
		<groupHeader>
			<band height="94">
				<line>
					<reportElement x="10" y="8" width="548" height="1" uuid="8f22a445-bbb2-4609-a679-6a1bf50e7c4b"/>
				</line>
				<line>
					<reportElement x="10" y="31" width="548" height="1" uuid="a2ccf702-6ea6-484e-bfe8-0c600e98aede"/>
				</line>
				<line>
					<reportElement x="9" y="-21" width="1" height="52" uuid="d2bff519-af56-4a7b-91f7-c0595cc7f3f2"/>
				</line>
				<line>
					<reportElement x="125" y="-21" width="1" height="52" uuid="67ceb6ca-8a3f-4772-be55-ff696bb9961e"/>
				</line>
				<line>
					<reportElement x="237" y="-21" width="1" height="52" uuid="1c948974-e83f-4d10-9200-ef975e875a4c"/>
				</line>
				<line>
					<reportElement x="339" y="-21" width="1" height="52" uuid="db67c973-edb6-4d92-b832-ff90c854a141"/>
				</line>
				<line>
					<reportElement x="445" y="-21" width="1" height="52" uuid="a947551c-d222-478d-b93d-b8b25a08a8ba"/>
				</line>
				<line>
					<reportElement x="559" y="-21" width="1" height="52" uuid="ce39adf5-fcb0-4122-a96f-876f2d13792e"/>
				</line>
				<textField>
					<reportElement x="10" y="10" width="113" height="16" uuid="47b69163-08b5-4673-a2f0-5c42349443f9">
						<property name="local_mesure_unitheight" value="pixel"/>
						<property name="com.jaspersoft.studio.unit.height" value="px"/>
					</reportElement>
					<textElement textAlignment="Right">
						<font size="12"/>
					</textElement>
					<textFieldExpression><![CDATA[$F{prev_meter_reading}]]></textFieldExpression>
				</textField>
				<textField isStretchWithOverflow="true">
					<reportElement style="Detail" x="131" y="10" width="105" height="16" uuid="221528bc-cd8a-4ec9-a0e7-f23b749c5638">
						<property name="local_mesure_unitheight" value="pixel"/>
						<property name="com.jaspersoft.studio.unit.height" value="px"/>
					</reportElement>
					<textElement textAlignment="Right"/>
					<textFieldExpression><![CDATA[$F{meter_reading}]]></textFieldExpression>
				</textField>
				<textField isStretchWithOverflow="true">
					<reportElement style="Detail" x="247" y="11" width="91" height="16" uuid="8d769351-b4cf-43bf-adca-5c85e112f208">
						<property name="local_mesure_unitheight" value="pixel"/>
						<property name="com.jaspersoft.studio.unit.height" value="px"/>
					</reportElement>
					<textElement textAlignment="Right"/>
					<textFieldExpression><![CDATA[$F{units_consumed}]]></textFieldExpression>
				</textField>
				<textField isStretchWithOverflow="true">
					<reportElement style="Detail" x="350" y="12" width="94" height="16" uuid="8c784b00-9fa8-4993-9244-f7ff51862f39">
						<property name="local_mesure_unitheight" value="pixel"/>
						<property name="com.jaspersoft.studio.unit.height" value="px"/>
					</reportElement>
					<textElement textAlignment="Right"/>
					<textFieldExpression><![CDATA[$F{amount_per_unit}]]></textFieldExpression>
				</textField>
				<textField>
					<reportElement x="451" y="11" width="100" height="16" uuid="6d7013cc-cfc9-46f1-99b9-e1d65c0a00e0">
						<property name="local_mesure_unitheight" value="pixel"/>
						<property name="com.jaspersoft.studio.unit.height" value="px"/>
					</reportElement>
					<textElement textAlignment="Right">
						<font size="12"/>
					</textElement>
					<textFieldExpression><![CDATA[$F{total_bill}]]></textFieldExpression>
				</textField>
				<componentElement>
					<reportElement style="SubTitle" x="178" y="40" width="202" height="53" uuid="aaa233f9-446c-4d79-989a-132a6a493ff2"/>
					<jr:table xmlns:jr="http://jasperreports.sourceforge.net/jasperreports/components" xsi:schemaLocation="http://jasperreports.sourceforge.net/jasperreports/components http://jasperreports.sourceforge.net/xsd/components.xsd">
						<datasetRun subDataset="st_charges_ds" uuid="3a676a03-fb72-489d-a6b8-29bb8cd79b57">
							<connectionExpression><![CDATA[$P{REPORT_CONNECTION}]]></connectionExpression>
						</datasetRun>
						<jr:column width="270" uuid="9d7ab98f-b4eb-409b-9be4-29f2f7152afc">
							<jr:tableHeader style="Table 2_TH" height="26">
								<box>
									<topPen lineWidth="1.0"/>
									<leftPen lineWidth="1.0"/>
									<bottomPen lineWidth="1.0"/>
									<rightPen lineWidth="1.0"/>
								</box>
								<staticText>
									<reportElement x="1" y="5" width="201" height="20" uuid="cefc4798-fe96-491d-b5eb-eff7ba0d0396"/>
									<box>
										<topPen lineWidth="0.0" lineStyle="Solid" lineColor="#000000"/>
										<leftPen lineWidth="0.0" lineStyle="Solid" lineColor="#000000"/>
										<bottomPen lineWidth="0.0" lineStyle="Solid" lineColor="#000000"/>
										<rightPen lineWidth="0.0" lineStyle="Solid" lineColor="#000000"/>
									</box>
									<textElement>
										<font size="12" isBold="true"/>
									</textElement>
									<text><![CDATA[Standard Charges]]></text>
								</staticText>
							</jr:tableHeader>
							<jr:detailCell style="Table 2_TD" height="20">
								<box>
									<topPen lineWidth="1.0" lineStyle="Solid" lineColor="#000000"/>
									<leftPen lineWidth="1.0" lineStyle="Solid" lineColor="#000000"/>
									<bottomPen lineWidth="1.0" lineStyle="Solid" lineColor="#000000"/>
									<rightPen lineWidth="1.0" lineStyle="Solid" lineColor="#000000"/>
								</box>
								<textField>
									<reportElement x="3" y="0" width="260" height="20" uuid="590e32c3-c3b1-48e6-af64-e9800606e3a8">
										<property name="local_mesure_unitheight" value="pixel"/>
										<property name="com.jaspersoft.studio.unit.height" value="px"/>
									</reportElement>
									<box>
										<topPen lineWidth="0.0" lineStyle="Solid" lineColor="#000000"/>
										<leftPen lineWidth="0.0" lineStyle="Solid" lineColor="#000000"/>
										<bottomPen lineWidth="0.0" lineStyle="Solid" lineColor="#000000"/>
										<rightPen lineWidth="0.0" lineStyle="Solid" lineColor="#000000"/>
									</box>
									<textElement>
										<font size="12"/>
									</textElement>
									<textFieldExpression><![CDATA[$F{stcharge_description}]]></textFieldExpression>
								</textField>
							</jr:detailCell>
						</jr:column>
						<jr:column width="110" uuid="f5c86581-0cc4-461e-8292-87b7fd560064">
							<jr:tableHeader style="Table 2_TH" height="26">
								<box>
									<topPen lineWidth="1.0" lineStyle="Solid" lineColor="#000000"/>
									<leftPen lineWidth="1.0" lineStyle="Solid" lineColor="#000000"/>
									<bottomPen lineWidth="1.0" lineStyle="Solid" lineColor="#000000"/>
									<rightPen lineWidth="1.0" lineStyle="Solid" lineColor="#000000"/>
								</box>
								<staticText>
									<reportElement x="8" y="6" width="100" height="20" uuid="3d09cbab-b2c0-4b47-b0b6-5d0b241632d5"/>
									<textElement textAlignment="Right">
										<font size="12" isBold="true"/>
									</textElement>
									<text><![CDATA[KES]]></text>
								</staticText>
							</jr:tableHeader>
							<jr:detailCell style="Table 2_TD" height="20">
								<box>
									<topPen lineWidth="1.0"/>
									<leftPen lineWidth="1.0"/>
									<bottomPen lineWidth="1.0"/>
									<rightPen lineWidth="1.0"/>
								</box>
								<textField>
									<reportElement x="6" y="0" width="102" height="20" uuid="a391ff95-674e-4ef2-bbe5-f4d0753deb8c">
										<property name="local_mesure_unitheight" value="pixel"/>
										<property name="com.jaspersoft.studio.unit.height" value="px"/>
									</reportElement>
									<textElement textAlignment="Right">
										<font size="12"/>
									</textElement>
									<textFieldExpression><![CDATA[$F{stcharge_amount}]]></textFieldExpression>
								</textField>
							</jr:detailCell>
						</jr:column>
					</jr:table>
				</componentElement>
			</band>
		</groupHeader>
		<groupFooter>
			<band/>
		</groupFooter>
	</group>
	<background>
		<band splitType="Stretch"/>
	</background>
	<title>
		<band height="211" splitType="Stretch">
			<staticText>
				<reportElement style="Title" x="90" y="0" width="370" height="40" forecolor="#227B47" uuid="1b9ede46-0f0e-4419-9c4a-2ca0fb8e5303"/>
				<textElement verticalAlignment="Middle">
					<font size="16" pdfFontName="Times-Roman"/>
				</textElement>
				<text><![CDATA[GREEN CITY GARDENS MANAGEMENT LTD]]></text>
			</staticText>
			<staticText>
				<reportElement style="SubTitle" x="90" y="34" width="150" height="49" forecolor="#000000" uuid="7a1bac74-5117-4564-9415-d5cb533476e8"/>
				<textElement>
					<font fontName="SansSerif" size="10" pdfFontName="Times-Roman"/>
				</textElement>
				<text><![CDATA[“VALUE FOR YOUR MONEY”
MOMBASA ROAD
P.O. BOX 26360-00504, NAIROBI
CELL: 0722-313442]]></text>
			</staticText>
			<staticText>
				<reportElement style="SubTitle" x="460" y="52" width="100" height="22" forecolor="#000000" uuid="c615d578-d1c7-433e-9b7f-dcecd3e37fa6"/>
				<textElement>
					<font fontName="Times New Roman" size="14" isBold="true" pdfFontName="Times-Roman"/>
				</textElement>
				<text><![CDATA[WATER BILL]]></text>
			</staticText>
			<image>
				<reportElement x="10" y="0" width="70" height="77" uuid="ddb1555f-7c58-4443-8a4e-75791f889461"/>
				<imageExpression><![CDATA["G:\\EclipseWorkspace\\maji\\war\\images\\gc_rpt_logo.png"]]></imageExpression>
			</image>
			<staticText>
				<reportElement style="Column header" x="399" y="176" width="58" height="15" forecolor="#000000" uuid="aa024aa3-23cd-4a93-abc5-7db7e840bb13"/>
				<textElement textAlignment="Right"/>
				<text><![CDATA[Bill No:]]></text>
			</staticText>
			<textField isStretchWithOverflow="true">
				<reportElement style="Detail" x="459" y="176" width="109" height="15" uuid="f84a38d4-4ab3-48ff-af08-05e76132ccb6"/>
				<textElement>
					<font isUnderline="true"/>
				</textElement>
				<textFieldExpression><![CDATA[$F{bill_number}]]></textFieldExpression>
			</textField>
			<textField isStretchWithOverflow="true">
				<reportElement style="Detail" x="49" y="154" width="310" height="15" uuid="e2a04767-b403-4237-ba9a-c761a14345ee"/>
				<textElement>
					<font isUnderline="true"/>
				</textElement>
				<textFieldExpression><![CDATA[$F{recepient}]]></textFieldExpression>
			</textField>
			<textField>
				<reportElement x="459" y="153" width="105" height="20" uuid="6061b03c-5b14-433c-be6a-b99f9dbe09e6"/>
				<textElement>
					<font size="12" isUnderline="true"/>
				</textElement>
				<textFieldExpression><![CDATA[$F{unit_number}]]></textFieldExpression>
			</textField>
			<staticText>
				<reportElement style="Column header" x="384" y="154" width="73" height="15" forecolor="#000000" uuid="f3e96f47-09f4-4183-a995-f15480da9571"/>
				<textElement textAlignment="Right"/>
				<text><![CDATA[Apartment:]]></text>
			</staticText>
			<staticText>
				<reportElement style="Column header" x="10" y="176" width="79" height="15" forecolor="#000000" uuid="a89a1c1f-271b-44e7-beb0-072d7c75d5f0"/>
				<textElement textAlignment="Right"/>
				<text><![CDATA[Date of Issue:]]></text>
			</staticText>
			<textField isStretchWithOverflow="true">
				<reportElement style="Detail" x="93" y="176" width="108" height="15" uuid="e34cd986-93bb-4ef4-87fb-a5756ec86beb"/>
				<textElement>
					<font isUnderline="true"/>
				</textElement>
				<textFieldExpression><![CDATA[$F{created_on}]]></textFieldExpression>
			</textField>
			<staticText>
				<reportElement style="Column header" mode="Transparent" x="220" y="176" width="69" height="15" forecolor="#000000" uuid="9ba649c6-3aef-4e98-8d4f-e4cadb33179e"/>
				<textElement textAlignment="Right"/>
				<text><![CDATA[Meter No:]]></text>
			</staticText>
			<textField isStretchWithOverflow="true">
				<reportElement style="Detail" x="293" y="176" width="92" height="15" uuid="862fb4e6-0926-4f3d-b18e-67e840b1ed90"/>
				<textElement>
					<font isUnderline="true"/>
				</textElement>
				<textFieldExpression><![CDATA[$F{meter_number}]]></textFieldExpression>
			</textField>
			<staticText>
				<reportElement style="Column header" x="-3" y="154" width="50" height="15" forecolor="#000000" uuid="d169bbf8-41c2-4c83-b6a2-0b254c404ba5"/>
				<textElement textAlignment="Right">
					<font fontName="Arial"/>
				</textElement>
				<text><![CDATA[Name:]]></text>
			</staticText>
		</band>
	</title>
	<pageHeader>
		<band splitType="Stretch"/>
	</pageHeader>
	<columnHeader>
		<band height="31" splitType="Stretch">
			<staticText>
				<reportElement style="Column header" x="131" y="15" width="104" height="15" forecolor="#000000" uuid="8d2d3038-4df0-4e94-bee1-f22088948f5c"/>
				<textElement textAlignment="Right"/>
				<text><![CDATA[Current Reading]]></text>
			</staticText>
			<staticText>
				<reportElement style="Column header" x="247" y="15" width="88" height="15" forecolor="#000000" uuid="57a462a6-e977-41cf-bd85-c11bafaf0f57"/>
				<textElement textAlignment="Right"/>
				<text><![CDATA[Consumption]]></text>
			</staticText>
			<staticText>
				<reportElement style="Column header" x="19" y="15" width="104" height="15" forecolor="#000000" uuid="f1e48bef-45c6-4bdc-b247-2542b55c5fee"/>
				<text><![CDATA[Previous Reading]]></text>
			</staticText>
			<staticText>
				<reportElement style="Column header" x="340" y="15" width="102" height="15" forecolor="#000000" uuid="ffb6e813-96e9-4e63-a15a-c9466261eb1a"/>
				<textElement textAlignment="Right" rotation="None"/>
				<text><![CDATA[Amount Per Unit]]></text>
			</staticText>
			<staticText>
				<reportElement style="Column header" x="469" y="16" width="89" height="15" forecolor="#000000" uuid="4e1fac34-1b9e-4519-9010-6528cbd30819"/>
				<text><![CDATA[Amount (KES)]]></text>
			</staticText>
			<line>
				<reportElement x="10" y="10" width="549" height="1" uuid="5608fa44-46c1-4c57-b2c3-94afeb43175a"/>
			</line>
			<staticText>
				<reportElement x="348" y="0" width="100" height="20" uuid="33a5af65-418f-4e2e-9228-bcae956d469f"/>
				<text><![CDATA[billing_date]]></text>
			</staticText>
		</band>
	</columnHeader>
	<detail>
		<band height="60" splitType="Stretch">
			<staticText>
				<reportElement style="Column header" x="1" y="40" width="122" height="15" forecolor="#000000" uuid="463d0e7c-5041-4459-90d4-ba8e8dfa8275"/>
				<text><![CDATA[Consumption Period:]]></text>
			</staticText>
			<textField isStretchWithOverflow="true">
				<reportElement style="Detail" x="115" y="39" width="50" height="15" uuid="090e477f-ab41-4fb6-9ebd-4c5bb19ea8fb"/>
				<textElement textAlignment="Right">
					<font isUnderline="true"/>
				</textElement>
				<textFieldExpression><![CDATA[$F{month}]]></textFieldExpression>
			</textField>
			<textField isStretchWithOverflow="true">
				<reportElement style="Detail" x="172" y="39" width="50" height="15" uuid="8c7f6244-3d39-4a58-8db9-8f9793d8953e"/>
				<textElement>
					<font isUnderline="true"/>
				</textElement>
				<textFieldExpression><![CDATA[$F{year}]]></textFieldExpression>
			</textField>
			<staticText>
				<reportElement style="Column header" x="394" y="40" width="60" height="15" forecolor="#000000" uuid="e0f9e01c-90c7-4750-8c59-34e58504f3ee"/>
				<text><![CDATA[Due Date:]]></text>
			</staticText>
			<textField isStretchWithOverflow="true">
				<reportElement style="Detail" x="454" y="40" width="104" height="15" uuid="4f656f94-6c63-45bd-9723-137ccff02a7b"/>
				<textElement>
					<font isUnderline="true"/>
				</textElement>
				<textFieldExpression><![CDATA[$F{due_date}]]></textFieldExpression>
			</textField>
			<staticText>
				<reportElement x="163" y="40" width="10" height="20" uuid="6dbc3cf1-2bdf-4de1-9f01-a9347bc32623"/>
				<textElement textAlignment="Center"/>
				<text><![CDATA[/]]></text>
			</staticText>
			<staticText>
				<reportElement style="Column header" x="225" y="40" width="72" height="15" forecolor="#000000" uuid="ae29a94d-c5d0-4901-8c5e-2a06f8d54c4e"/>
				<text><![CDATA[Billing Date:]]></text>
			</staticText>
			<staticText>
				<reportElement style="Column header" x="388" y="10" width="92" height="15" forecolor="#000000" uuid="46c5a12d-e0f3-4454-8a69-c262084b5710"/>
				<text><![CDATA[Total Bill (KES):]]></text>
			</staticText>
			<textField>
				<reportElement x="476" y="9" width="78" height="20" uuid="20749d70-f48c-439e-9557-f0930d493cb0"/>
				<textElement textAlignment="Right">
					<font size="12" isUnderline="true"/>
				</textElement>
				<textFieldExpression><![CDATA[new Double($F{total_bill}.doubleValue() + $F{total_st_charge}.doubleValue())]]></textFieldExpression>
			</textField>
			<textField>
				<reportElement x="297" y="39" width="85" height="15" uuid="f7f410fe-65d1-4d3d-b2b7-5f5f5a756c6f">
					<property name="local_mesure_unitheight" value="pixel"/>
					<property name="com.jaspersoft.studio.unit.height" value="px"/>
				</reportElement>
				<textElement>
					<font fontName="Arial" size="12" isUnderline="true"/>
				</textElement>
				<textFieldExpression><![CDATA[$F{billing_date}]]></textFieldExpression>
			</textField>
		</band>
	</detail>
	<columnFooter>
		<band height="111" splitType="Stretch">
			<line>
				<reportElement positionType="FixRelativeToBottom" x="0" y="3" width="555" height="1" uuid="a1f45d67-a71a-4d05-b4b1-dd0663d35f56"/>
				<graphicElement>
					<pen lineWidth="0.5" lineColor="#999999"/>
				</graphicElement>
			</line>
			<staticText>
				<reportElement style="SubTitle" x="3" y="9" width="150" height="56" forecolor="#000000" uuid="9ab67f7c-c17a-45f3-8309-c570cc433399"/>
				<textElement>
					<font fontName="SansSerif" size="11" pdfFontName="Times-Roman"/>
				</textElement>
				<text><![CDATA[Payments made to:
Kenya Commercial Bank
Haile Selassie Mort Centre
Account No. 1145540074]]></text>
			</staticText>
			<staticText>
				<reportElement style="SubTitle" x="36" y="73" width="476" height="31" forecolor="#000000" uuid="32019080-239e-4b19-b60e-afe5bb5bd088"/>
				<textElement textAlignment="Center">
					<font fontName="SansSerif" size="11" pdfFontName="Times-Roman"/>
				</textElement>
				<text><![CDATA[NOTICE IS HEREBY GIVEN THAT IF THIS BILL IS NOT PAID BY THE DUE DATE OUR SUPPLY WILL BE DISCONNECTED WITHOUT NOTICE]]></text>
			</staticText>
		</band>
	</columnFooter>
	<pageFooter>
		<band height="25" splitType="Stretch">
			<frame>
				<reportElement mode="Opaque" x="-21" y="1" width="597" height="24" forecolor="#000000" backcolor="#74AC8B" uuid="495b2eac-44a8-4cf8-a096-11b18fb2790d"/>
				<textField evaluationTime="Report">
					<reportElement style="Column header" x="533" y="0" width="40" height="20" forecolor="#000000" uuid="a7c518e7-3847-4b70-8659-dc03a88993de"/>
					<textElement verticalAlignment="Middle">
						<font size="10" isBold="false"/>
					</textElement>
					<textFieldExpression><![CDATA[" " + $V{PAGE_NUMBER}]]></textFieldExpression>
				</textField>
				<textField>
					<reportElement style="Column header" x="453" y="0" width="80" height="20" forecolor="#000000" uuid="89080153-23c3-4faa-b4b4-36a47236146d"/>
					<textElement textAlignment="Right" verticalAlignment="Middle">
						<font size="10" isBold="false"/>
					</textElement>
					<textFieldExpression><![CDATA["Page "+$V{PAGE_NUMBER}+" of"]]></textFieldExpression>
				</textField>
				<textField pattern="EEEEE dd MMMMM yyyy">
					<reportElement style="Column header" x="22" y="1" width="197" height="20" forecolor="#000000" uuid="f239f9eb-24fc-47cb-880c-69bac413b158"/>
					<textElement verticalAlignment="Middle">
						<font size="10" isBold="false"/>
					</textElement>
					<textFieldExpression><![CDATA[new java.util.Date()]]></textFieldExpression>
				</textField>
			</frame>
		</band>
	</pageFooter>
	<summary>
		<band splitType="Stretch"/>
	</summary>
</jasperReport>
