<?xml version="1.0" encoding="UTF-8"?>
<module rename-to='maji'>
  <!-- Inherit the core Web Toolkit stuff.                        -->
  <inherits name='com.google.gwt.user.User'/>

  <!-- Inherit the default GWT style sheet.  You can change       -->
  <!-- the theme of your GWT application by uncommenting          -->
  <!-- any one of the following lines.                            -->
  <inherits name='com.google.gwt.user.theme.clean.Clean'/>
  <!-- <inherits name='com.google.gwt.user.theme.standard.Standard'/> -->
  <!-- <inherits name='com.google.gwt.user.theme.chrome.Chrome'/> -->
  <!-- <inherits name='com.google.gwt.user.theme.dark.Dark'/>     -->

  <!-- Other module inherits                                      -->

  <!-- Specify the app entry point class.                         -->
  <entry-point class='com.maji.client.maji'/>
<!--  <entry-point class="org.gwtmultipage.client.EntrypointDispatcher" /> -->
 
  <!-- Specify the paths for translatable code                    -->
  <source path='client'/>
  <source path='shared'/>
                            -->
  <inherits name="com.google.gwt.activity.Activity"/>
  <inherits name="com.google.gwt.place.Place"/>
  <inherits name="com.google.gwt.inject.Inject"/>
  <inherits name="com.google.gwt.i18n.I18N"/> 
  <inherits name='net.customware.gwt.presenter.Presenter' />
  <inherits name='com.extjs.gxt.ui.GXT'/>
  <inherits name='com.extjs.gxt.themes.Themes'/>	
  <inherits name='org.cobogw.gwt.user.User' /> 
  
  <inherits name="com.smartgwt.SmartGwtNoTheme" />
 <!--  <inherits name="com.smartclient.theme.graphite.Graphite" />
  <inherits name="com.smartclient.theme.graphite.GraphiteResources" /> -->
  <inherits name="com.smartclient.theme.enterpriseblue.EnterpriseBlue" />
  <inherits name="com.smartclient.theme.enterpriseblue.EnterpriseBlueResources" />
  
    <!-- Inherit the gwt-multipage module -->
  <!-- <inherits name="org.gwtmultipage.gwtmultipage" /> -->
  
  <!-- DEVELOPER CONSOLE  
  <inherits name="com.smartgwt.tools.SmartGwtTools" /> -->
  
   <!-- For development: DEBUG-->
  <inherits name="com.allen_sauer.gwt.log.gwt-log-DEBUG" />
  
  <!-- <inherits name='net.customware.gwt.dispatch.Dispatch' />  
  
  <replace-with class="com.brainup.client.widgets.interfaces.RoundPanelGeneratorImplIE">
    <when-type-is class="com.brainup.client.widgets.interfaces.RoundPanelGeneratorImpl"/>
    <any>
      <when-property-is name="user.agent" value="ie6"/>
      <when-property-is name="user.agent" value="ie8"/>
      <when-property-is name="user.agent" value="opera"/>
    </any>
  </replace-with>-->
  
  <!-- Locale Definition:English-->    
   <extend-property name="locale" values="en" />

  <!-- Locale Definition: German
  <extend-property name="locale" values="de" />-->
  
   <!-- Loggers Enabled by default -->
  <set-property name="log_GWTLogger" value="ENABLED" />

  <!-- Loggers Disabled by default -->
  
  <set-property name="log_WindowLogger" value="DISABLED" />
  <set-property name="log_ConsoleLogger" value="DISABLED" />
  <set-property name="log_DivLogger" value="DISABLED" />
  <set-property name="log_FirebugLogger" value="DISABLED" />
  <set-property name="log_SystemLogger" value="DISABLED" />
  
  
  <!--
    Inspired by Apache log4j PatternLayout:
    http://logging.apache.org/log4j/1.2/apidocs/org/apache/log4j/PatternLayout.html
  -->
  <set-configuration-property name="log_pattern" value="(%F:%L) %d [%-5p] %m%n" />  

</module>
